mother,mother_long,father,days_emergence_flowering,plant_height,head_diameter,oil_content,seed_weight_1000,seed_yield,oil_yield,confectionery_father
M1,VK101A,LI1,52.66666666666667,158.80833333333334,19.3,47.46666666666667,71.6,2.621984693877552,1.2445687346938776,False
M1,VK101A,LI10,50.5,153.04166666666669,16.15,50.866666666666674,67.15,2.400489795918367,1.2210491428571428,False
M1,VK101A,LI11,53.66666666666667,173.0527777777778,19.03611111111111,51.78333333333333,62.0,3.080954081632653,1.5954207219387757,False
M1,VK101A,LI12,57.83333333333333,174.39999999999998,19.008333333333333,48.5,66.65,3.6992755102040817,1.7941486224489795,False
M1,VK101A,LI13,55.0,171.5861111111111,18.947222222222223,50.41666666666667,66.85,2.710760204081633,1.36667493622449,False
M1,VK101A,LI14,55.33333333333333,168.35555555555555,19.71388888888889,50.4,63.2,3.735229591836735,1.8825557142857143,False
M1,VK101A,LI15,53.5,167.3777777777778,18.38611111111112,49.9,65.0,2.7125357142857145,1.3535553214285716,False
M1,VK101A,LI16,56.5,172.0,21.49722222222222,51.53333333333334,53.65,3.756091836734696,1.9356393265306129,False
M1,VK101A,LI17,57.33333333333333,175.95277777777778,19.86111111111111,52.46666666666667,55.8,3.43605612244898,1.8027841122448984,False
M1,VK101A,LI18,56.5,175.575,19.641666666666666,52.71666666666667,57.75,3.6715331632653054,1.9355098992346944,False
M1,VK101A,LI19,56.83333333333333,184.2333333333333,19.73333333333333,52.7,56.3,3.807137755102041,2.006361596938776,False
M1,VK101A,LI2,53.83333333333333,156.20833333333334,18.25,52.98333333333333,59.3,3.2815867346938776,1.7386940382653062,False
M1,VK101A,LI20,57.16666666666667,173.90833333333333,17.65,50.766666666666666,55.1,2.6606020408163267,1.3506989693877551,False
M1,VK101A,LI21,57.0,169.49166666666667,17.625,50.08333333333333,70.9,3.709484693877551,1.8578335841836733,False
M1,VK101A,LI22,54.83333333333333,160.45,17.75,50.05,66.1,3.097377551020408,1.5502374642857142,False
M1,VK101A,LI23,54.16666666666667,163.6,19.291666666666668,49.95,81.69999999999999,3.601178571428571,1.7987886964285713,False
M1,VK101A,LI24,55.16666666666667,164.95277777777778,18.502777777777773,49.86666666666666,59.75,2.7231887755102044,1.3579634693877551,False
M1,VK101A,LI25,55.66666666666667,159.64999999999998,17.366666666666667,49.93333333333334,75.75,3.919438775510204,1.9571064285714288,False
M1,VK101A,LI26,52.66666666666667,158.07651515151514,17.606060606060606,49.83333333333333,62.95,3.1905918367346944,1.5899782653061223,False
M1,VK101A,LI27,56.33333333333333,157.875,18.183333333333337,49.91666666666666,60.45,3.5124030612244903,1.7532745280612247,False
M1,VK101A,LI28,55.5,171.99166666666667,16.958333333333332,50.13333333333333,63.15,3.5132908163265304,1.7613297959183671,False
M1,VK101A,LI29,54.66666666666667,178.98888888888888,17.025,42.95,109.15,3.448928571428572,1.4813148214285716,True
M1,VK101A,LI3,53.66666666666667,152.825,18.13888888888889,50.8,56.45,3.054765306122449,1.551820775510204,False
M1,VK101A,LI30,55.5,177.45277777777778,17.78611111111111,39.81666666666666,98.5,2.994841836734694,1.1924461913265303,True
M1,VK101A,LI31,54.66666666666667,167.89166666666668,18.866666666666667,47.05,64.9,2.947790816326531,1.3869355790816331,False
M1,VK101A,LI32,55.66666666666667,169.28055555555557,19.372222222222224,51.43333333333332,57.85,3.029464285714285,1.558154464285714,False
M1,VK101A,LI33,55.83333333333333,162.81666666666666,17.475,50.14999999999999,71.45,3.1519744897959185,1.5807152066326529,False
M1,VK101A,LI34,52.5,175.05833333333334,19.98333333333333,49.266666666666666,67.3,2.764913265306123,1.3621806020408165,False
M1,VK101A,LI35,53.16666666666667,153.92045454545456,18.349242424242423,48.23333333333333,70.65,3.7383367346938776,1.8031244183673472,False
M1,VK101A,LI36,51.33333333333333,165.61666666666667,17.516666666666666,48.76666666666667,67.0,2.132387755102041,1.0398944285714289,False
M1,VK101A,LI38,54.66666666666667,168.075,18.59166666666667,51.33333333333333,54.5,3.532821428571429,1.813515,False
M1,VK101A,LI39,55.33333333333333,159.58333333333334,18.141666666666666,50.81666666666667,61.900000000000006,3.423183673469388,1.739547836734694,False
M1,VK101A,LI4,53.5,156.35833333333335,17.85,51.0,56.9,3.619821428571429,1.8461089285714285,False
M1,VK101A,LI40,56.33333333333333,162.73333333333335,20.10833333333333,52.06666666666666,56.9,2.9562244897959187,1.5392075510204082,False
M1,VK101A,LI41,54.66666666666667,170.19166666666666,19.691666666666663,51.41666666666667,61.35,3.806693877551021,1.9572751020408168,False
M1,VK101A,LI42,54.5,165.64999999999998,19.10833333333333,50.73333333333333,50.5,2.700107142857143,1.3698543571428572,False
M1,VK101A,LI43,54.0,180.09166666666667,19.53333333333333,50.18333333333334,51.4,3.0729642857142867,1.5421159107142863,False
M1,VK101A,LI44,55.16666666666667,173.26666666666668,18.541666666666664,50.28333333333334,50.35,2.693892857142857,1.354579125,False
M1,VK101A,LI45,55.5,185.55,19.08333333333333,52.7,56.5,3.1035918367346937,1.6355928979591838,False
M1,VK101A,LI46,59.0,177.825,19.216666666666665,52.46666666666667,58.2,3.5212806122448983,1.84749856122449,False
M1,VK101A,LI47,57.5,175.29166666666666,17.916666666666664,50.64999999999999,59.75,2.967765306122449,1.5031731275510205,False
M1,VK101A,LI48,55.0,164.23333333333335,17.833333333333336,50.016666666666666,55.3,3.070744897959184,1.5358842397959185,False
M1,VK101A,LI49,54.16666666666667,170.95833333333331,17.6,50.25,56.7,2.812408163265306,1.4132351020408165,False
M1,VK101A,LI5,54.33333333333333,156.98333333333335,17.75,53.11666666666667,56.85,2.5194489795918367,1.3382473163265305,False
M1,VK101A,LI50,56.83333333333333,178.19166666666666,18.40833333333333,48.93333333333334,70.9,3.0813979591836738,1.5078307346938775,False
M1,VK101A,LI51,56.66666666666667,171.825,20.36111111111111,50.61666666666666,54.45,3.1435408163265306,1.5911555765306122,False
M1,VK101A,LI52,56.0,168.99166666666667,18.991666666666667,51.333333333333336,65.44999999999999,3.5372602040816323,1.815793571428572,False
M1,VK101A,LI53,56.33333333333333,159.89166666666665,19.308333333333334,51.16666666666666,55.75,3.671977040816327,1.8788282525510205,False
M1,VK101A,LI54,54.5,150.525,18.288888888888888,50.33333333333333,61.85,3.568775510204081,1.7962836734693874,False
M1,VK101A,LI6,53.83333333333333,158.43333333333334,17.691666666666666,51.633333333333326,59.45,3.4755612244897964,1.794548112244898,False
M1,VK101A,LI7,54.83333333333333,161.7111111111111,20.605555555555554,51.2,61.85,3.3734693877551023,1.7272163265306122,False
M1,VK101A,LI8,56.0,158.9138888888889,19.772222222222226,51.3,58.95,3.877270408163265,1.989039719387755,False
M1,VK101A,LI9,53.33333333333333,144.225,15.3,49.33333333333333,52.1,3.024581632653061,1.49212693877551,False
M2,VA761A,LI1,52.5,155.53055555555557,19.39444444444445,46.85,71.0,2.657938775510204,1.2452443163265303,False
M2,VA761A,LI10,50.5,128.28333333333333,17.116666666666667,46.78333333333333,72.25,2.626423469387756,1.2287284464285717,False
M2,VA761A,LI11,56.0,162.275,18.725,46.883333333333326,66.6,3.7285714285714286,1.7480785714285714,False
M2,VA761A,LI12,57.0,167.8,17.85,46.71666666666667,71.85,3.441382653061225,1.6076992627551023,False
M2,VA761A,LI13,55.0,146.875,17.8,49.23333333333333,63.45,3.431173469387756,1.6892810714285715,False
M2,VA761A,LI14,57.0,152.25,18.425,48.61666666666666,64.25,2.922045918367348,1.420601323979592,False
M2,VA761A,LI15,55.5,150.875,19.225,48.31666666666666,67.0,3.422739795918368,1.6537537780612246,False
M2,VA761A,LI16,57.5,161.5,19.325,48.45,61.2,3.57765306122449,1.7333729081632654,False
M2,VA761A,LI17,58.0,165.45,19.675,49.58333333333333,56.75,3.6251479591836735,1.7974691964285714,False
M2,VA761A,LI18,57.5,169.175,19.866666666666667,49.150000000000006,61.4,4.240362244897959,2.084138043367347,False
M2,VA761A,LI19,58.0,169.53333333333333,23.950000000000003,50.333333333333336,55.55,3.1928112244897964,1.6070483163265308,False
M2,VA761A,LI2,55.0,159.9280303030303,18.578030303030303,49.4,65.85,3.334408163265306,1.647197632653061,False
M2,VA761A,LI20,57.0,161.575,19.60833333333333,49.13333333333334,54.55,3.6389081632653055,1.7879168775510208,False
M2,VA761A,LI21,56.5,152.76666666666665,17.508333333333333,49.03333333333333,70.30000000000001,3.431617346938776,1.6826363724489797,False
M2,VA761A,LI22,55.0,147.99166666666667,17.275,46.78333333333333,70.94999999999999,3.1217908163265307,1.4604778035714283,False
M2,VA761A,LI23,56.5,160.04166666666666,18.016666666666666,48.35,67.75,3.680188775510204,1.7793712729591835,False
M2,VA761A,LI24,56.5,155.625,18.35,48.86666666666666,57.3,3.245188775510204,1.585815581632653,False
M2,VA761A,LI25,57.0,164.06666666666666,19.275,46.4,71.75,3.676859693877552,1.706062897959184,False
M2,VA761A,LI27,56.5,152.30833333333334,18.616666666666667,47.63333333333334,64.85,4.074352040816327,1.940749688775511,False
M2,VA761A,LI28,56.0,154.69166666666666,18.98333333333333,47.93333333333334,73.0,3.1630714285714285,1.5161655714285716,False
M2,VA761A,LI29,54.0,166.75,16.65,40.88333333333333,92.7,3.0232500000000004,1.2360053750000002,True
M2,VA761A,LI3,53.0,132.525,17.125,50.1,48.45,2.716086734693878,1.3607594540816328,False
M2,VA761A,LI30,54.5,168.1,18.675,38.81666666666666,94.95,3.3370714285714285,1.2953398928571425,True
M2,VA761A,LI31,56.0,161.81944444444443,19.075,47.33333333333334,58.55,3.052545918367347,1.4448717346938778,False
M2,VA761A,LI32,56.0,156.925,19.71388888888889,49.64999999999999,63.5,3.252734693877551,1.6149827755102035,False
M2,VA761A,LI33,54.5,153.85833333333335,19.33333333333333,48.6,68.15,3.7028265306122448,1.799573693877551,False
M2,VA761A,LI34,54.5,158.625,17.258333333333333,47.583333333333336,69.15,3.1493112244897965,1.4985472576530616,False
M2,VA761A,LI35,56.0,146.16666666666669,18.333333333333336,47.6,58.3,3.0991530612244897,1.475196857142857,False
M2,VA761A,LI36,55.0,149.05833333333334,18.85,46.61666666666666,67.7,2.579372448979592,1.2024174566326529,False
M2,VA761A,LI37,56.5,153.95,18.9,47.46666666666667,50.55,3.6939489795918368,1.753394448979592,False
M2,VA761A,LI38,56.0,150.25833333333333,18.075000000000003,48.91666666666667,53.150000000000006,2.8323826530612246,1.385507181122449,False
M2,VA761A,LI39,56.0,144.29999999999998,18.175,48.56666666666666,65.9,3.4169693877551017,1.659508132653061,False
M2,VA761A,LI4,54.0,135.70833333333331,17.116666666666667,49.96666666666667,60.95,3.275816326530612,1.636816224489796,False
M2,VA761A,LI40,57.5,147.44166666666666,20.15,49.61666666666666,54.0,3.122234693877552,1.549148780612245,False
M2,VA761A,LI41,56.0,158.65833333333336,18.35833333333333,50.41666666666667,56.5,3.7285714285714286,1.879821428571429,False
M2,VA761A,LI42,56.0,154.63333333333333,18.916666666666668,49.55,49.45,3.176387755102041,1.5739001326530613,False
M2,VA761A,LI43,56.5,162.325,19.008333333333333,48.81666666666666,53.75,3.3051122448979595,1.6134456275510205,False
M2,VA761A,LI44,57.0,171.325,17.741666666666667,48.55,52.85,3.295790816326531,1.600106441326531,False
M2,VA761A,LI45,57.5,160.98333333333332,17.383333333333333,50.3,68.75,3.739668367346939,1.8810531887755104,False
M2,VA761A,LI46,60.5,157.00833333333333,17.59166666666667,49.81666666666667,65.15,2.8310510204081627,1.4103352499999997,False
M2,VA761A,LI47,58.0,163.275,18.450000000000003,48.88333333333334,59.3,3.712591836734694,1.8148386428571432,False
M2,VA761A,LI48,56.0,149.875,18.2,47.883333333333326,57.1,3.4897653061224494,1.6710159540816327,False
M2,VA761A,LI49,55.5,156.64166666666665,16.791666666666668,49.8,50.4,2.791102040816326,1.3899688163265302,False
M2,VA761A,LI5,54.0,138.35833333333335,17.708333333333332,51.516666666666666,57.5,2.82705612244898,1.4564050790816327,False
M2,VA761A,LI50,59.0,170.36666666666667,18.03333333333333,46.866666666666674,74.45,3.324642857142857,1.558149285714286,False
M2,VA761A,LI51,58.5,158.475,19.35,48.25000000000001,64.05,3.339734693877551,1.6114219897959186,False
M2,VA761A,LI52,58.0,159.475,16.741666666666667,48.03333333333333,69.69999999999999,3.0898316326530613,1.48414912755102,False
M2,VA761A,LI53,57.0,155.725,20.325,48.46666666666667,62.85,3.788051020408163,1.8359420612244897,False
M2,VA761A,LI54,58.5,136.375,17.225,46.66666666666667,69.4,3.1257857142857146,1.4587000000000003,False
M2,VA761A,LI6,53.0,155.2,19.48333333333333,48.58333333333333,64.30000000000001,4.188428571428572,2.0348782142857145,False
M2,VA761A,LI7,55.5,144.9,21.725,49.05,61.1,2.5340969387755106,1.242974548469388,False
M2,VA761A,LI8,56.5,146.25,18.625,48.7,53.3,3.0228061224489795,1.4721065816326533,False
M2,VA761A,LI9,53.0,138.78333333333333,16.858333333333334,46.73333333333333,64.05,2.598903061224489,1.2145540306122449,False
M3,VK934A,LI1,53.5,168.53333333333336,19.891666666666666,46.06666666666666,93.1,2.722744897959184,1.254277816326531,False
M3,VK934A,LI10,53.5,148.8,16.950000000000003,47.5,90.25,1.8669489795918368,0.8868007653061224,False
M3,VK934A,LI11,57.5,182.5,18.5,49.766666666666666,84.6,3.770739795918368,1.8765715051020408,False
M3,VK934A,LI12,57.5,185.0287878787879,17.94318181818182,46.516666666666666,85.94999999999999,3.1541938775510205,1.4672258520408163,False
M3,VK934A,LI13,57.0,177.5,18.0,50.78333333333333,81.85,3.2234387755102043,1.6369696581632651,False
M3,VK934A,LI14,59.0,177.5,17.5,50.03333333333333,73.6,3.298454081632653,1.650326525510204,False
M3,VK934A,LI15,58.5,174.5,18.0,49.516666666666666,80.4,3.052989795918368,1.511738780612245,False
M3,VK934A,LI16,60.0,176.0,18.0,49.8,76.5,3.481775510204082,1.7339242040816327,False
M3,VK934A,LI17,59.5,185.0,19.0,49.650000000000006,77.25,3.2913520408163266,1.6341562882653062,False
M3,VK934A,LI18,60.0,188.16666666666669,19.266666666666666,49.266666666666666,84.3,3.47955612244898,1.7142613163265308,False
M3,VK934A,LI19,60.5,193.2,18.708333333333336,49.91666666666667,77.4,3.8226734693877553,1.908151173469388,False
M3,VK934A,LI2,56.5,170.95,17.200000000000003,49.43333333333334,76.55,3.137326530612245,1.5508850816326532,False
M3,VK934A,LI21,57.5,171.26666666666665,18.116666666666667,46.56666666666666,88.05000000000001,3.5155102040816333,1.637055918367347,False
M3,VK934A,LI22,56.5,170.23333333333335,17.700000000000003,47.53333333333333,84.5,3.027688775510204,1.4391613979591835,False
M3,VK934A,LI23,57.5,165.68333333333334,17.59166666666667,47.73333333333333,88.75,3.092494897959184,1.4761508979591835,False
M3,VK934A,LI24,57.0,167.0,17.5,49.63333333333333,72.5,3.324642857142857,1.6501310714285715,False
M3,VK934A,LI25,60.0,168.61666666666667,16.9,49.33333333333333,83.9,3.0774030612244903,1.5181855102040815,False
M3,VK934A,LI26,53.0,162.31666666666666,19.40833333333333,47.98333333333333,82.05,3.1515306122448985,1.5122094387755105,False
M3,VK934A,LI27,58.5,162.9666666666667,17.81666666666667,47.23333333333333,80.85,3.0885000000000007,1.4588015000000003,False
M3,VK934A,LI28,58.0,167.08333333333331,16.883333333333333,48.900000000000006,77.05,2.890530612244897,1.4134694693877552,False
M3,VK934A,LI29,56.5,176.5,17.0,40.08333333333333,111.6,3.425625,1.3731046875,True
M3,VK934A,LI3,55.0,171.0,18.5,49.38333333333333,72.0,3.614051020408164,1.784738862244898,False
M3,VK934A,LI30,57.5,174.5,16.5,41.83333333333333,106.15,2.3303571428571432,0.9748660714285716,True
M3,VK934A,LI31,58.5,185.56666666666663,18.941666666666663,47.266666666666666,80.85,2.8616785714285715,1.3526200714285717,False
M3,VK934A,LI32,58.5,171.5,16.0,50.75,70.25,2.5292142857142865,1.2835762500000003,False
M3,VK934A,LI33,56.5,167.16666666666669,17.741666666666667,49.516666666666666,80.4,3.600734693877551,1.7829637959183673,False
M3,VK934A,LI34,56.0,172.26666666666665,17.28333333333333,49.266666666666666,83.0,2.998836734693877,1.4774268979591836,False
M3,VK934A,LI35,57.5,174.16666666666669,18.416666666666664,48.516666666666666,71.55,3.085392857142857,1.4969297678571427,False
M3,VK934A,LI36,53.5,155.68333333333334,17.25,47.78333333333333,83.15,2.909173469387756,1.390100056122449,False
M3,VK934A,LI37,57.5,177.39999999999998,18.84166666666667,49.883333333333326,67.3,3.535484693877552,1.7636176147959182,False
M3,VK934A,LI38,58.0,172.13333333333333,17.083333333333332,51.9,65.5,2.8328265306122447,1.4702369693877548,False
M3,VK934A,LI39,58.0,166.86666666666667,18.991666666666667,50.1,76.15,3.676637755102041,1.841995515306122,False
M3,VK934A,LI4,55.5,158.71666666666667,15.275,49.53333333333333,77.6,2.792433673469388,1.3831854795918366,False
M3,VK934A,LI40,57.0,160.25,17.366666666666667,51.26666666666667,70.15,2.673918367346939,1.3708288163265308,False
M3,VK934A,LI41,56.5,168.45,18.10833333333333,48.89999999999999,79.1,3.362816326530612,1.644417183673469,False
M3,VK934A,LI42,57.0,180.55,17.950000000000003,50.15,71.0,3.455142857142857,1.7327541428571431,False
M3,VK934A,LI43,58.5,180.46666666666664,19.6,46.883333333333326,73.1,3.284693877551021,1.5399739795918368,False
M3,VK934A,LI44,59.5,179.63333333333333,17.125,49.33333333333334,64.55,2.8159591836734696,1.3892065306122452,False
M3,VK934A,LI45,59.0,178.63333333333333,17.683333333333337,49.16666666666666,78.2,3.112469387755102,1.530297448979592,False
M3,VK934A,LI46,58.5,184.55,18.275,49.61666666666666,82.0,3.802698979591837,1.8867724770408163,False
M3,VK934A,LI47,60.5,188.06666666666663,17.433333333333337,47.63333333333334,75.1,2.54475,1.21214925,False
M3,VK934A,LI48,58.0,191.56666666666663,18.133333333333333,49.28333333333333,72.9,3.276260204081633,1.614650237244898,False
M3,VK934A,LI49,57.0,163.95,17.191666666666666,51.61666666666666,66.35,2.902515306122449,1.4981816505102037,False
M3,VK934A,LI5,55.0,161.41666666666669,17.85,50.73333333333333,77.35,2.773790816326531,1.4072365408163268,False
M3,VK934A,LI50,59.0,182.63333333333333,16.975,47.33333333333333,90.4,3.28336224489796,1.5541247959183673,False
M3,VK934A,LI51,59.0,182.0,18.5,50.3,73.80000000000001,3.0951581632653067,1.5568645561224492,False
M3,VK934A,LI52,59.5,173.16666666666669,18.125,49.76666666666666,81.94999999999999,3.2074591836734694,1.596245520408163,False
M3,VK934A,LI53,60.0,183.5,19.5,50.36666666666666,79.95,3.566112244897959,1.7961318673469384,False
M3,VK934A,LI54,57.0,168.5,18.0,45.74999999999999,84.5,3.7281275510204086,1.7056183545918366,False
M3,VK934A,LI6,55.5,176.46666666666664,17.78333333333333,48.3,86.9,3.453811224489796,1.6681908214285714,False
M3,VK934A,LI7,57.0,170.0,18.5,50.99999999999999,70.69999999999999,3.4422704081632656,1.7555579081632653,False
M3,VK934A,LI8,59.5,170.5,18.5,50.13333333333333,74.6,3.11069387755102,1.559494530612245,False
M3,VK934A,LI9,54.0,157.91666666666666,17.625,47.333333333333336,80.3,3.306,1.56484,False
