hybrid,seed_yield,oil_content,seed_weight_1000,oil_yield
VA761A_LI1,2.8394864342788977,47.01681180190474,70.93018567055803,1.3350359929455249
VA761A_LI10,2.818042744954525,46.9547265825145,72.14718215454754,1.3232042658717835
VA761A_LI11,3.567967823720969,47.04785441159986,66.75076353475198,1.6786523071569692
VA761A_LI12,3.3725584294552062,46.89264136312426,71.73084125213008,1.5814817290862462
VA761A_LI13,3.3656118822092824,49.23635839510574,63.69225921314681,1.6571047285128264
VA761A_LI14,3.019190591293007,48.66207011574604,64.47690168308739,1.4692006424630106
VA761A_LI15,3.359873430136563,48.38268662848997,67.13507821390655,1.6255970328168703
VA761A_LI16,3.4652797339986208,48.506857067270445,61.5465022545337,1.6808982875518004
VA761A_LI17,3.4975962798818303,49.56230579690449,57.271001448939,1.7334893637761883
VA761A_LI18,3.9162012573970495,49.158751870867945,61.70663337084812,1.9251556588876264
VA761A_LI19,3.203425105206632,50.26076451504466,56.07001807658099,1.610065948543727
VA761A_LI2,3.29977069526966,49.39157144358133,65.98213417644281,1.6298086004284744
VA761A_LI20,3.506959017474162,49.14323056602039,55.14125760195743,1.7234329558131705
VA761A_LI21,3.365913906002584,49.050102736935024,70.24162187040609,1.65098422893105
VA761A_LI22,3.1551012982784683,46.9547265825145,70.8821463356637,1.4814691880080202
VA761A_LI23,3.5350472302511573,48.41372923818509,67.82364201405852,1.711448194495757
VA761A_LI24,3.239063912816153,48.89488968845944,57.22296211404468,1.583736727110156
VA761A_LI25,3.5327820518014,46.59773657102064,71.66678880560433,1.646196474126714
VA761A_LI26,3.370549144898958,47.31576680000478,63.89335972043538,1.5948011732799463
VA761A_LI27,3.803244358702467,47.74631312974004,65.02134747855638,1.8159089605952528
VA761A_LI28,3.183189511055464,48.0256966169961,72.88378528959383,1.5287489373235386
VA761A_LI29,3.0880520161656406,41.46018466647846,91.84330946121985,1.280312068499186
VA761A_LI3,2.879051551201332,50.04346624717883,49.26444563321865,1.440777191264317
VA761A_LI30,3.301582838029465,39.53554286538108,93.95704019656996,1.3052986981652044
VA761A_LI31,3.1079855865235086,47.46692964248397,58.96839128187176,1.4752653316536566
VA761A_LI32,3.2441983173022706,49.62439101629472,63.70827232477824,1.6099136583221323
VA761A_LI33,3.5504504437095097,48.64654881089848,68.19194358158165,1.7271716081059083
VA761A_LI34,3.173826773463132,47.69974921519736,69.20076961436243,1.513907411466704
VA761A_LI35,3.139698084820116,47.71527052004492,58.72819460740013,1.4981154346845875
VA761A_LI36,2.786028222864616,46.79951353403891,67.80762890242708,1.3038476552216696
VA761A_LI37,3.5444099678434893,47.59110008126444,54.29256268549104,1.6868236950867077
VA761A_LI38,2.9581817850462,48.94145360300211,53.79615622491634,1.4477771658208456
VA761A_LI39,3.3559471208236498,48.61550620120336,66.04618662296858,1.631510680633127
VA761A_LI4,3.259903554553924,49.91929580839835,61.3063055800621,1.6273208984662657
VA761A_LI40,3.155403322071769,49.59334840659961,54.59681180648835,1.564870163148471
VA761A_LI41,3.567967823720969,50.338371039282464,57.01479166283592,1.7960568816668732
VA761A_LI42,3.1922502248544946,49.53126318720937,50.20921921947354,1.5811618604669626
VA761A_LI43,3.2798371249117912,48.84832577391676,54.38864135527972,1.602145523630777
VA761A_LI44,3.27349462525247,48.5999848963558,53.49190710391897,1.590917893455719
VA761A_LI45,3.5755184185534947,50.22972190534954,68.8004418235764,1.795972958313972
VA761A_LI46,2.9572757136662973,49.779604064770325,65.35762282281661,1.4721201413666938
VA761A_LI47,3.557094967162132,48.910410993307,59.688981305286575,1.7397897678612373
VA761A_LI48,3.405479022925018,47.97913270245343,57.59126368156781,1.6339192995634086
VA761A_LI49,2.9300935722692047,49.764082759922765,51.13797969409717,1.4581341902472245
VA761A_LI5,2.954557499526588,51.36277715922138,57.97557836072241,1.5175427845229046
VA761A_LI50,3.2931261718170366,47.032333106752304,74.26091288989772,1.5488340707546289
VA761A_LI51,3.3033949807892715,48.32060140909973,64.2847443435101,1.5962203216353903
VA761A_LI52,3.1333555851607944,48.118824446081454,69.71318918656853,1.507733873295011
VA761A_LI53,3.6084390120233065,48.522378372118006,63.13180030604634,1.7509004307410654
VA761A_LI54,3.1578195124181776,46.84607744858158,69.42495317720261,1.4793145744738407
VA761A_LI6,3.880864473580831,48.63102750605092,64.50892790635025,1.887304269619652
VA761A_LI7,2.755221795947912,49.06562404178258,61.41839736148217,1.3518667679170526
VA761A_LI8,3.08774999237234,48.73967663998384,53.97230045286216,1.5049593617334045
VA761A_LI9,2.799317269769861,46.90816266797182,64.28474434351007,1.313108298496274
VK101A_LI1,2.8150225070215145,47.59110008126444,71.53868391255278,1.3397001786267282
VK101A_LI10,2.664312634164303,50.75744627016656,67.24716999532664,1.3523370537552055
VK101A_LI11,3.127315109294774,51.61111803678234,62.29911850121141,1.6140422924402542
VK101A_LI12,3.548034253363101,48.553420981813126,66.76677664638342,1.7226920076143168
VK101A_LI13,2.8754272656817195,50.33837103928246,66.95893398596071,1.4474432459635582
VK101A_LI14,3.5724981806204847,50.3228497344349,63.45206253867517,1.7977828911990672
VK101A_LI15,2.876635360854924,49.85721058900812,65.16546548323933,1.4342101497393127
VK101A_LI16,3.5866932989056326,51.37829846406893,64.22069189698433,1.842781988102496
VK101A_LI17,3.368934143935594,52.24749153553227,56.34224097431544,1.760183581690406
VK101A_LI18,3.5291577662817875,52.48031110824567,58.21577503519403,1.852112975245496
VK101A_LI19,3.6214260351352494,52.464789803398105,56.83864743489016,1.8999735572192435
VK101A_LI2,3.263829863866837,52.72865198580661,59.72100752854942,1.7209734903271707
VK101A_LI20,2.841298577038704,50.66431844108121,55.68570339742634,1.4395245589327983
VK101A_LI21,3.554980800609025,50.02794494233128,70.8821463356637,1.7784838376391303
VK101A_LI22,3.138489989646912,49.99690233263616,66.206317739283,1.5691477748433291
VK101A_LI23,3.481286995043575,49.90377450355079,81.2586426728374,1.737293611827985
VK101A_LI24,2.883883931894148,49.826167979313,60.1213353193355,1.4369288522339945
VK101A_LI25,3.6978380548404095,49.88825319870324,75.50993559715009,1.8447868116767865
VK101A_LI26,3.201914986240128,49.79512536961788,63.179839640940656,1.5943975816268543
VK101A_LI27,3.42088223638337,49.87273189385568,60.84192534275027,1.7060874261560124
VK101A_LI28,3.421486283969972,50.07450885687395,63.42003631541227,1.713292452303271
VK101A_LI29,3.3776928339413232,40.205494474512754,107.61622441818918,1.358018105716292
VK101A_LI3,3.1094957054900134,50.69536105077633,56.966752327941634,1.5763700747565468
VK101A_LI30,3.068722493394376,40.46682115623466,97.36783297406691,1.241814443183047
VK101A_LI31,3.0367079713044665,50.19928820981393,65.08539992508213,1.524405786605523
VK101A_LI32,3.092280349271855,51.2851706349836,58.32786681661409,1.5858812536361375
VK101A_LI33,3.175638916222938,50.09003016172151,71.37855279623838,1.5906784909634355
VK101A_LI34,2.9122741684644446,49.26740100480086,67.40730111164106,1.4348017929366077
VK101A_LI35,3.574612347173592,48.30508010425218,70.6419496611921,1.7267193577186923
VK101A_LI36,2.4818902630104844,48.80176185937408,67.10305199064368,1.2112061757653694
VK101A_LI37,3.333012992956797,50.5399266974492,54.83293909250695,1.6845023234568228
VK101A_LI38,3.434775330875217,51.19204280589823,55.06119204380018,1.758331657668074
VK101A_LI39,3.3601754539298643,50.71088235562389,62.23506605468567,1.7039746213849245
VK101A_LI4,3.493971994362218,50.88161670894704,57.36708011872757,1.7777894380893366
VK101A_LI40,3.042446423377186,51.87498021919084,57.431132565253456,1.5782684803063944
VK101A_LI41,3.621124011341949,51.269649330136026,61.65859403595381,1.8565375824243724
VK101A_LI42,2.868178694642495,50.63327583138609,52.5631466292954,1.4522528297953834
VK101A_LI43,3.121878681015356,50.12107277141663,52.13079261524646,1.564719085547048
VK101A_LI44,2.8639503615362805,50.21420060050198,51.08994035920278,1.4381097796406297
VK101A_LI45,3.1427183227531263,52.46478980339811,56.998778551204566,1.6488205621453065
VK101A_LI46,3.4269227122493904,52.24749153553227,58.648129049242925,1.7904811540117331
VK101A_LI47,3.050299042003013,50.55566930714829,60.18538776586119,1.5420990965541557
VK101A_LI48,3.1203685620488506,49.96585972294103,55.8778607370036,1.559118978552081
VK101A_LI49,2.944590714347654,50.18315799080687,57.254988337307566,1.477688610363712
VK101A_LI5,2.745255010768978,52.852822424587096,57.351067007096205,1.4509447559438071
VK101A_LI50,3.127617133088075,48.95697490784967,70.81809388913796,1.531186735059536
VK101A_LI51,3.1699004641502184,50.52462669745317,55.04517893216872,1.6015803761927332
VK101A_LI52,3.437795568808228,51.19204280589823,65.5818063856568,1.7598777791635805
VK101A_LI53,3.5294597900750886,51.03682975742263,56.29420163942113,1.801324384417309
VK101A_LI54,3.4592392581326004,50.26076451504466,62.13898738489702,1.7386400975420042
VK101A_LI6,3.395814261539385,51.471426293154295,59.86512553323242,1.7478740346806665
VK101A_LI7,3.326348789080149,51.06787236711776,62.15500049652848,1.698695554092618
VK101A_LI8,3.6691457944768127,51.16100019620311,59.36871907265773,1.8771716871112605
VK101A_LI9,3.088958087545544,49.32948622419109,52.78733019213554,1.523767154266816
VK934A_LI1,2.883581908100847,46.28731047406944,92.16357169384864,1.3347325105767347
VK934A_LI10,2.301280034616472,47.62214269095956,89.45735582813515,1.0959188618036195
VK934A_LI11,3.5966600840845664,49.733040150227644,83.98087165018231,1.7887284036849889
VK934A_LI12,3.177149035189444,46.706385704953554,85.32597302722337,1.483931482796792
VK934A_LI13,3.224264746944403,50.67983974592877,82.37956048703826,1.6340522067358991
VK934A_LI14,3.275306768012276,49.98138102778859,73.44424419669426,1.6370435555491636
VK934A_LI15,3.1082876103168093,49.500220577514256,75.33379136920428,1.5386092232903672
VK934A_LI16,3.4000425946455994,49.764082759922765,76.2610842636788,1.6920000106720614
VK934A_LI17,3.27047438731946,49.62439101629473,76.95111564397978,1.6229529980511783
VK934A_LI18,3.3985324756790942,49.26740100480086,83.72466186407922,1.6743686230712056
VK934A_LI19,3.6319968679007855,49.87273189385568,77.11124676029421,1.8113760603213944
VK934A_LI2,3.165672131044004,49.422614053276455,76.29457806709077,1.5645579195180102
VK934A_LI20,3.602051578436056,49.36636848494394,70.98429414728288,1.7782020552284827
VK934A_LI21,3.422996402936477,46.75294961949623,87.29558575789059,1.600351783742059
VK934A_LI22,3.091072254098651,47.65318530065468,83.94884542691953,1.4729943890227537
VK934A_LI23,3.1351677279206007,47.839440958825385,87.96813644641108,1.499846714158723
VK934A_LI24,3.2931261718170366,49.60886971144717,72.38737882901917,1.6336826720102815
VK934A_LI25,3.124898918948366,49.32948622419109,83.35636029655613,1.5414965817425306
VK934A_LI26,3.175336892429637,48.07226053153878,81.5468786822033,1.5264562236828425
VK934A_LI27,3.1324495137808914,47.3738018133986,80.40994775637103,1.4839604245633276
VK934A_LI28,2.9977469019686342,48.92593229815455,76.74294519277112,1.4666756197271993
VK934A_LI29,3.36183658479302,40.71516203379561,109.95413871637945,1.3687772128098985
VK934A_LI3,3.4900456850493047,49.376050138733774,71.90698548007592,1.7232467073146591
VK934A_LI30,2.616592874822741,42.34489904278934,104.71785121289818,1.107993611204509
VK934A_LI31,2.978115355404068,47.40484442309373,80.42596086800243,1.4117709509695633
VK934A_LI32,2.7518995342216006,50.64879713623365,70.24162187040608,1.3938040124808573
VK934A_LI33,3.480984971250274,49.500220577514256,80.00961996558499,1.7230952390390066
VK934A_LI34,3.071440707534084,49.26740100480086,82.47563915682689,1.51321901000551
VK934A_LI35,3.130335347227784,48.56894228666068,71.47463146602703,1.5203707681740015
VK934A_LI36,3.0104319012872773,47.88600487336807,82.61975716150984,1.441575566959853
VK934A_LI37,3.4365874736350235,49.84168928416056,71.57071013581566,1.7128532505875516
VK934A_LI38,2.9584838088395014,51.71976717071525,65.67788505544544,1.5301209377150986
VK934A_LI39,3.5326310399047496,50.043466247178834,75.89425027630469,1.7678510220920962
VK934A_LI4,2.930999643649108,49.51574188236181,77.30340409987154,1.4513062181222367
VK934A_LI40,2.850359290837734,51.129957586508,70.09750386572311,1.4573874964684237
VK934A_LI41,3.3194022418342257,50.65676423357041,78.72857103506975,1.6815017676098143
VK934A_LI42,3.3819211670475378,50.09003016172151,70.9461987821895,1.6940053326197555
VK934A_LI43,3.2659440304199445,47.04785441159986,72.97986395938244,1.5365565925963118
VK934A_LI44,2.9470069046940623,49.32948622419109,64.74912458082187,1.4537433650770175
VK934A_LI45,3.1487587986191468,50.18775423032967,77.9119023418662,1.5802913271568584
VK934A_LI46,3.61840579720224,49.5933484065996,81.49883934730897,1.7944885937711046
VK934A_LI47,2.762470366987136,47.74631312974003,74.86941113189248,1.3189777515379564
VK934A_LI48,3.260205578347225,49.28292230964842,72.78770661980518,1.606724582311687
VK934A_LI49,3.005901544387762,51.45590498830674,63.70827232477821,1.5467138427222118
VK934A_LI5,2.918314644330465,50.633275831386094,77.06320742539988,1.4776383034915783
VK934A_LI50,3.265037959040041,47.46692964248396,85.88643193432382,1.5498132708179306
VK934A_LI51,3.136979870680407,50.22972190534954,73.63640153627156,1.5756962652695623
VK934A_LI52,3.2133918903855663,49.733040150227644,81.48282623567752,1.5981174790296129
VK934A_LI53,3.457427115372794,50.29180712473978,79.56125283990468,1.73880257634174
VK934A_LI54,3.567665799927668,45.99240568196581,83.93283231528798,1.640855328079484
VK934A_LI6,3.381015095667635,48.36716532364241,86.25473350184696,1.6353011609388717
VK934A_LI7,3.3731624770418085,50.88161670894704,70.67397588445496,1.7163196025384369
VK934A_LI8,3.1475507034459427,50.07450885687395,74.40503089458073,1.576120555771637
VK934A_LI9,3.280441172498393,47.46692964248396,79.88151507253349,1.5571247033128883
