mother,mother_long,father,Y,SCA,trait
M1,VK101A,LI1,2.621984693877552,-0.0396726030034653,seed_yield
M1,VK101A,LI10,2.400489795918367,0.1084345398536772,seed_yield
M1,VK101A,LI11,3.080954081632653,-0.4399021948402004,seed_yield
M1,VK101A,LI12,3.6992755102040817,0.2735569888332692,seed_yield
M1,VK101A,LI13,2.710760204081633,-0.4051317866769346,seed_yield
M1,VK101A,LI14,3.735229591836735,0.4225518867924527,seed_yield
M1,VK101A,LI15,2.7125357142857145,-0.3443205621871388,seed_yield
M1,VK101A,LI16,3.756091836734696,0.156817192914902,seed_yield
M1,VK101A,LI17,3.43605612244898,-0.0088970927993843,seed_yield
M1,VK101A,LI18,3.6715331632653054,-0.1197185213708125,seed_yield
M1,VK101A,LI19,3.807137755102041,0.2054957643434733,seed_yield
M1,VK101A,LI2,3.2815867346938776,0.0363784174046979,seed_yield
M1,VK101A,LI20,2.6606020408163267,-0.4832542356565268,seed_yield
M1,VK101A,LI21,3.709484693877551,0.1631794378128601,seed_yield
M1,VK101A,LI22,3.097377551020408,0.020990662302657,seed_yield
M1,VK101A,LI23,3.601178571428571,0.1491233153638811,seed_yield
M1,VK101A,LI24,2.7231887755102044,-0.3685858683095877,seed_yield
M1,VK101A,LI25,3.919438775510204,0.3674370908740854,seed_yield
M1,VK101A,LI26,3.1905918367346944,0.025429437812861,seed_yield
M1,VK101A,LI27,3.5124030612244903,-0.0401164805544862,seed_yield
M1,VK101A,LI28,3.5132908163265304,0.3302253561802075,seed_yield
M1,VK101A,LI29,3.448928571428572,0.1555595398536775,seed_yield
M1,VK101A,LI3,3.054765306122449,-0.0676368887177512,seed_yield
M1,VK101A,LI30,2.994841836734694,0.1133171929149017,seed_yield
M1,VK101A,LI31,2.947790816326531,-0.0003154601463224,seed_yield
M1,VK101A,LI32,3.029464285714285,0.0982253561802073,seed_yield
M1,VK101A,LI33,3.1519744897959185,-0.3273052560646898,seed_yield
M1,VK101A,LI34,2.764913265306123,-0.2002083172891797,seed_yield
M1,VK101A,LI35,3.7383367346938776,0.4366080092414326,seed_yield
M1,VK101A,LI36,2.132387755102041,-0.4020246438197921,seed_yield
M1,VK101A,LI38,3.532821428571429,0.472710050057759,seed_yield
M1,VK101A,LI39,3.423183673469388,-0.0765144397381591,seed_yield
M1,VK101A,LI4,3.619821428571429,0.3963631112822487,seed_yield
M1,VK101A,LI40,2.9562244897959187,0.0446641316904119,seed_yield
M1,VK101A,LI41,3.806693877551021,0.1798988255679638,seed_yield
M1,VK101A,LI42,2.700107142857143,-0.4045399499422411,seed_yield
M1,VK101A,LI43,3.0729642857142867,-0.142060358105506,seed_yield
M1,VK101A,LI44,2.693892857142857,-0.2354226030034656,seed_yield
M1,VK101A,LI45,3.1035918367346937,-0.2090858683095886,seed_yield
M1,VK101A,LI46,3.5212806122448983,0.1421692337312285,seed_yield
M1,VK101A,LI47,2.967765306122449,-0.1013715825953021,seed_yield
M1,VK101A,LI48,3.070744897959184,-0.2022797458606087,seed_yield
M1,VK101A,LI49,2.812408163265306,-0.0170348479014239,seed_yield
M1,VK101A,LI5,2.5194489795918367,-0.1814175009626493,seed_yield
M1,VK101A,LI50,3.0813979591836738,-0.1425042356565269,seed_yield
M1,VK101A,LI51,3.1435408163265306,-0.0433715825953022,seed_yield
M1,VK101A,LI52,3.5372602040816323,0.2649753561802077,seed_yield
M1,VK101A,LI53,3.671977040816327,0.002495764343473,seed_yield
M1,VK101A,LI54,3.568775510204081,0.1004447439353093,seed_yield
M1,VK101A,LI6,3.4755612244897964,-0.2244736234116287,seed_yield
M1,VK101A,LI7,3.3734693877551023,0.2627559684251057,seed_yield
M1,VK101A,LI8,3.877270408163265,0.5462457643434737,seed_yield
M1,VK101A,LI9,3.024581632653061,0.0539855602618404,seed_yield
M2,VA761A,LI1,2.657938775510204,-0.0742154890257995,seed_yield
M2,VA761A,LI10,2.626423469387756,0.2638712456680787,seed_yield
M2,VA761A,LI11,3.7285714285714286,0.1372181844435887,seed_yield
M2,VA761A,LI12,3.441382653061225,-0.0548328359645742,seed_yield
M2,VA761A,LI13,3.431173469387756,0.2447845109742012,seed_yield
M2,VA761A,LI14,2.922045918367348,-0.4611287543319218,seed_yield
M2,VA761A,LI15,3.422739795918368,0.2953865517905276,seed_yield
M2,VA761A,LI16,3.57765306122449,-0.092118550250289,seed_yield
M2,VA761A,LI17,3.6251479591836735,0.1096977762803228,seed_yield
M2,VA761A,LI18,4.240362244897959,0.3786135926068534,seed_yield
M2,VA761A,LI19,3.1928112244897964,-0.4793277339237578,seed_yield
M2,VA761A,LI2,3.334408163265306,0.0187028783211395,seed_yield
M2,VA761A,LI20,3.6389081632653055,0.4245549191374662,seed_yield
M2,VA761A,LI21,3.431617346938776,-0.1851848767809016,seed_yield
M2,VA761A,LI22,3.1217908163265307,-0.0250930400462072,seed_yield
M2,VA761A,LI23,3.680188775510204,0.1576365517905271,seed_yield
M2,VA761A,LI24,3.245188775510204,0.0829171640354253,seed_yield
M2,VA761A,LI25,3.676859693877552,0.0543610415864463,seed_yield
M2,VA761A,LI27,4.074352040816327,0.4513355313823641,seed_yield
M2,VA761A,LI28,3.1630714285714285,-0.090490999229881,seed_yield
M2,VA761A,LI29,3.0232500000000004,-0.3406159992298803,seed_yield
M2,VA761A,LI3,2.716086734693878,-0.4768124278013088,seed_yield
M2,VA761A,LI30,3.3370714285714285,0.3850498170966494,seed_yield
M2,VA761A,LI31,3.052545918367347,0.0339426742395065,seed_yield
M2,VA761A,LI32,3.252734693877551,0.2509987966884863,seed_yield
M2,VA761A,LI33,3.7028265306122448,0.1530498170966496,seed_yield
M2,VA761A,LI34,3.1493112244897965,0.1136926742395072,seed_yield
M2,VA761A,LI35,3.0991530612244897,-0.2730726318829419,seed_yield
M2,VA761A,LI36,2.579372448979592,-0.0255369175972277,seed_yield
M2,VA761A,LI37,3.6939489795918368,0.0146340007701191,seed_yield
M2,VA761A,LI38,2.8323826530612246,-0.2982256931074323,seed_yield
M2,VA761A,LI39,3.4169693877551017,-0.1532256931074318,seed_yield
M2,VA761A,LI4,3.275816326530612,-0.0181389584135542,seed_yield
M2,VA761A,LI40,3.122234693877552,0.1401773681170581,seed_yield
M2,VA761A,LI41,3.7285714285714286,0.0312794089333845,seed_yield
M2,VA761A,LI42,3.176387755102041,0.0012436946476701,seed_yield
M2,VA761A,LI43,3.3051122448979595,0.0195906334231801,seed_yield
M2,VA761A,LI44,3.295790816326531,0.2959783885252216,seed_yield
M2,VA761A,LI45,3.739668367346939,0.35649369464767,seed_yield
M2,VA761A,LI46,2.8310510204081627,-0.6185573257604937,seed_yield
M2,VA761A,LI47,3.712591836734694,0.5729579803619562,seed_yield
M2,VA761A,LI48,3.4897653061224494,0.1462436946476701,seed_yield
M2,VA761A,LI49,2.791102040816326,-0.1088379380053914,seed_yield
M2,VA761A,LI5,2.82705612244898,0.0556926742395069,seed_yield
M2,VA761A,LI50,3.324642857142857,0.0302436946476696,seed_yield
M2,VA761A,LI51,3.339734693877551,0.0823253273007313,seed_yield
M2,VA761A,LI52,3.0898316326530613,-0.25295018290335,seed_yield
M2,VA761A,LI53,3.788051020408163,0.0480727762803225,seed_yield
M2,VA761A,LI54,3.1257857142857146,-0.413042019638044,seed_yield
M2,VA761A,LI6,4.188428571428572,0.4178967558721602,seed_yield
M2,VA761A,LI7,2.5340969387755106,-0.6471134482094727,seed_yield
M2,VA761A,LI8,3.0228061224489795,-0.3787154890257986,seed_yield
M2,VA761A,LI9,2.598903061224489,-0.4421899788217178,seed_yield
M3,VK934A,LI1,2.722744897959184,0.1138880920292644,seed_yield
M3,VK934A,LI10,1.8669489795918368,-0.3723057855217562,seed_yield
M3,VK934A,LI11,3.770739795918368,0.3026840103966113,seed_yield
M3,VK934A,LI12,3.1541938775510205,-0.2187241528686949,seed_yield
M3,VK934A,LI13,3.2234387755102043,0.1603472757027337,seed_yield
M3,VK934A,LI14,3.298454081632653,0.0385768675394677,seed_yield
M3,VK934A,LI15,3.052989795918368,0.0489340103966116,seed_yield
M3,VK934A,LI16,3.481775510204082,-0.0646986426646134,seed_yield
M3,VK934A,LI17,3.2913520408163266,-0.1008006834809402,seed_yield
M3,VK934A,LI18,3.47955612244898,-0.2588950712360418,seed_yield
M3,VK934A,LI19,3.8226734693877553,0.2738319695802849,seed_yield
M3,VK934A,LI2,3.137326530612245,-0.0550812957258375,seed_yield
M3,VK934A,LI21,3.5155102040816333,0.0220054389680397,seed_yield
M3,VK934A,LI22,3.027688775510204,0.0041023777435498,seed_yield
M3,VK934A,LI23,3.092494897959184,-0.3067598671544091,seed_yield
M3,VK934A,LI24,3.324642857142857,0.2856687042741623,seed_yield
M3,VK934A,LI25,3.0774030612244903,-0.4217981324605313,seed_yield
M3,VK934A,LI26,3.1515306122448985,0.0391687042741621,seed_yield
M3,VK934A,LI27,3.0885000000000007,-0.4112190508278788,seed_yield
M3,VK934A,LI28,2.890530612244897,-0.2397343569503283,seed_yield
M3,VK934A,LI29,3.425625,0.1850564593762032,seed_yield
M3,VK934A,LI3,3.614051020408164,0.5444493165190605,seed_yield
M3,VK934A,LI30,2.3303571428571432,-0.498367010011552,seed_yield
M3,VK934A,LI31,2.8616785714285715,-0.033627214093185,seed_yield
M3,VK934A,LI32,2.5292142857142865,-0.3492241528686945,seed_yield
M3,VK934A,LI33,3.600734693877551,0.1742554389680397,seed_yield
M3,VK934A,LI34,2.998836734693877,0.0865156430496716,seed_yield
M3,VK934A,LI35,3.085392857142857,-0.1635353773584911,seed_yield
M3,VK934A,LI36,2.909173469387756,0.4275615614170194,seed_yield
M3,VK934A,LI37,3.535484693877552,-0.0205328263380826,seed_yield
M3,VK934A,LI38,2.8328265306122447,-0.1744843569503285,seed_yield
M3,VK934A,LI39,3.676637755102041,0.229740132845591,seed_yield
M3,VK934A,LI4,2.792433673469388,-0.3782241528686949,seed_yield
M3,VK934A,LI40,2.673918367346939,-0.1848414998074705,seed_yield
M3,VK934A,LI41,3.362816326530612,-0.2111782345013484,seed_yield
M3,VK934A,LI42,3.455142857142857,0.4032962552945704,seed_yield
M3,VK934A,LI43,3.284693877551021,0.1224697246823254,seed_yield
M3,VK934A,LI44,2.8159591836734696,-0.060555785521756,seed_yield
M3,VK934A,LI45,3.112469387755102,-0.1474078263380827,seed_yield
M3,VK934A,LI46,3.802698979591837,0.4763880920292647,seed_yield
M3,VK934A,LI47,2.54475,-0.4715863977666545,seed_yield
M3,VK934A,LI48,3.276260204081633,0.0560360512129376,seed_yield
M3,VK934A,LI49,2.902515306122449,0.1258727859068154,seed_yield
M3,VK934A,LI5,2.773790816326531,0.1257248267231419,seed_yield
M3,VK934A,LI50,3.28336224489796,0.1122605410088559,seed_yield
M3,VK934A,LI51,3.0951581632653067,-0.0389537447054291,seed_yield
M3,VK934A,LI52,3.2074591836734694,-0.0120251732768581,seed_yield
M3,VK934A,LI53,3.566112244897959,-0.0505685406237974,seed_yield
M3,VK934A,LI54,3.7281275510204086,0.3125972757027337,seed_yield
M3,VK934A,LI6,3.453811224489796,-0.193423132460532,seed_yield
M3,VK934A,LI7,3.4422704081632656,0.3843574797843661,seed_yield
M3,VK934A,LI8,3.11069387755102,-0.1675302753176741,seed_yield
M3,VK934A,LI9,3.306,0.3882044185598765,seed_yield
M1,VK101A,LI1,47.46666666666667,-0.5248427672955955,oil_content
M1,VK101A,LI10,50.866666666666674,1.2862683438155216,oil_content
M1,VK101A,LI11,51.78333333333333,1.1084905660377302,oil_content
M1,VK101A,LI12,48.5,0.058490566037733,oil_content
M1,VK101A,LI13,50.41666666666667,-0.924842767295594,oil_content
M1,VK101A,LI14,50.4,-0.4803983228511512,oil_content
M1,VK101A,LI15,49.9,-0.5415094339622613,oil_content
M1,VK101A,LI16,51.53333333333334,0.4084905660377416,oil_content
M1,VK101A,LI17,52.46666666666667,0.7029350104821859,oil_content
M1,VK101A,LI18,52.71666666666667,1.141823899371076,oil_content
M1,VK101A,LI19,52.7,0.5196016771488416,oil_content
M1,VK101A,LI2,52.98333333333333,1.1807127882599602,oil_content
M1,VK101A,LI20,50.766666666666666,-0.3803983228511569,oil_content
M1,VK101A,LI21,50.08333333333333,0.3251572327043988,oil_content
M1,VK101A,LI22,50.05,0.7307127882599502,oil_content
M1,VK101A,LI23,49.95,0.0751572327044058,oil_content
M1,VK101A,LI24,49.86666666666666,-0.7859538784067084,oil_content
M1,VK101A,LI25,49.93333333333334,0.1807127882599672,oil_content
M1,VK101A,LI26,49.83333333333333,-0.2720649895178226,oil_content
M1,VK101A,LI27,49.91666666666666,0.4584905660377316,oil_content
M1,VK101A,LI28,50.13333333333333,-0.0526205450733741,oil_content
M1,VK101A,LI29,42.95,0.447379454926633,oil_content
M1,VK101A,LI3,50.8,-0.4915094339622641,oil_content
M1,VK101A,LI30,39.81666666666666,-1.5359538784067084,oil_content
M1,VK101A,LI31,47.05,-1.363731656184484,oil_content
M1,VK101A,LI32,51.43333333333332,-0.374842767295604,oil_content
M1,VK101A,LI33,50.14999999999999,-0.4692872117400455,oil_content
M1,VK101A,LI34,49.266666666666666,-0.6359538784067098,oil_content
M1,VK101A,LI35,48.23333333333333,-1.080398322851153,oil_content
M1,VK101A,LI36,48.76666666666667,-0.1526205450733684,oil_content
M1,VK101A,LI38,51.33333333333333,-0.5803983228511598,oil_content
M1,VK101A,LI39,50.81666666666667,-0.2081761006289255,oil_content
M1,VK101A,LI4,51.0,-0.3637316561844841,oil_content
M1,VK101A,LI40,52.06666666666666,-0.1137316561844841,oil_content
M1,VK101A,LI41,51.41666666666667,-0.0248427672955955,oil_content
M1,VK101A,LI42,50.73333333333333,-0.6081761006289312,oil_content
M1,VK101A,LI43,50.18333333333334,0.3584905660377444,oil_content
M1,VK101A,LI44,50.28333333333334,-0.3026205450733741,oil_content
M1,VK101A,LI45,52.7,0.7807127882599616,oil_content
M1,VK101A,LI46,52.46666666666667,0.6362683438155159,oil_content
M1,VK101A,LI47,50.64999999999999,0.3973794549266074,oil_content
M1,VK101A,LI48,50.016666666666666,-0.2415094339622641,oil_content
M1,VK101A,LI49,50.25,-1.5026205450733698,oil_content
M1,VK101A,LI5,53.11666666666667,0.1307127882599559,oil_content
M1,VK101A,LI50,48.93333333333334,0.0251572327044087,oil_content
M1,VK101A,LI51,50.61666666666666,-0.3026205450733812,oil_content
M1,VK101A,LI52,51.333333333333336,0.4251572327044073,oil_content
M1,VK101A,LI53,51.16666666666666,-0.0303983228511555,oil_content
M1,VK101A,LI54,50.33333333333333,1.552935010482173,oil_content
M1,VK101A,LI6,51.633333333333326,0.9307127882599532,oil_content
M1,VK101A,LI7,51.2,-0.4137316561844883,oil_content
M1,VK101A,LI8,51.3,0.058490566037733,oil_content
M1,VK101A,LI9,49.33333333333333,0.3362683438155045,oil_content
M2,VA761A,LI1,46.85,0.9446540880503064,oil_content
M2,VA761A,LI10,46.78333333333333,-0.710901467505245,oil_content
M2,VA761A,LI11,46.883333333333326,-1.7053459119496992,oil_content
M2,VA761A,LI12,46.71666666666667,0.3613207547169779,oil_content
M2,VA761A,LI13,49.23333333333333,-0.0220125786163549,oil_content
M2,VA761A,LI14,48.61666666666666,-0.1775681341719135,oil_content
M2,VA761A,LI15,48.31666666666666,-0.0386792452830206,oil_content
M2,VA761A,LI16,48.45,-0.5886792452830178,oil_content
M2,VA761A,LI17,49.58333333333333,-0.0942348008385778,oil_content
M2,VA761A,LI18,49.150000000000006,-0.3386792452830107,oil_content
M2,VA761A,LI19,50.333333333333336,0.2390985324947507,oil_content
M2,VA761A,LI2,49.4,-0.3164570230607992,oil_content
M2,VA761A,LI20,49.13333333333334,0.0724318658280935,oil_content
M2,VA761A,LI21,49.03333333333333,1.361320754716978,oil_content
M2,VA761A,LI22,46.78333333333333,-0.4497903563941392,oil_content
M2,VA761A,LI23,48.35,0.5613207547169807,oil_content
M2,VA761A,LI24,48.86666666666666,0.3002096436058679,oil_content
M2,VA761A,LI25,46.4,-1.266457023060795,oil_content
M2,VA761A,LI27,47.63333333333334,0.2613207547169835,oil_content
M2,VA761A,LI28,47.93333333333334,-0.1664570230607935,oil_content
M2,VA761A,LI29,40.88333333333333,0.4668763102725393,oil_content
M2,VA761A,LI3,50.1,0.8946540880503164,oil_content
M2,VA761A,LI30,38.81666666666666,-0.4497903563941321,oil_content
M2,VA761A,LI31,47.33333333333334,1.0057651991614307,oil_content
M2,VA761A,LI32,49.64999999999999,-0.0720125786163592,oil_content
M2,VA761A,LI33,48.6,0.0668763102725407,oil_content
M2,VA761A,LI34,47.583333333333336,-0.2331236897274635,oil_content
M2,VA761A,LI35,47.6,0.3724318658280907,oil_content
M2,VA761A,LI36,46.61666666666666,-0.2164570230608049,oil_content
M2,VA761A,LI37,47.46666666666667,-0.3192348008385721,oil_content
M2,VA761A,LI38,48.91666666666667,-0.9109014675052408,oil_content
M2,VA761A,LI39,48.56666666666666,-0.3720125786163564,oil_content
M2,VA761A,LI4,49.96666666666667,0.6890985324947607,oil_content
M2,VA761A,LI40,49.61666666666666,-0.4775681341719107,oil_content
M2,VA761A,LI41,50.41666666666667,1.0613207547169807,oil_content
M2,VA761A,LI42,49.55,0.2946540880503079,oil_content
M2,VA761A,LI43,48.81666666666666,1.0779874213836464,oil_content
M2,VA761A,LI44,48.55,0.0502096436058607,oil_content
M2,VA761A,LI45,50.3,0.4668763102725322,oil_content
M2,VA761A,LI46,49.81666666666667,0.0724318658280935,oil_content
M2,VA761A,LI47,48.88333333333334,0.7168763102725322,oil_content
M2,VA761A,LI48,47.883333333333326,-0.2886792452830278,oil_content
M2,VA761A,LI49,49.8,0.1335429769392035,oil_content
M2,VA761A,LI5,51.516666666666666,0.6168763102725308,oil_content
M2,VA761A,LI50,46.866666666666674,0.0446540880503221,oil_content
M2,VA761A,LI51,48.25000000000001,-0.5831236897274579,oil_content
M2,VA761A,LI52,48.03333333333333,-0.7886792452830207,oil_content
M2,VA761A,LI53,48.46666666666667,-0.644234800838575,oil_content
M2,VA761A,LI54,46.66666666666667,-0.0275681341719078,oil_content
M2,VA761A,LI6,48.58333333333333,-0.0331236897274678,oil_content
M2,VA761A,LI7,49.05,-0.4775681341719107,oil_content
M2,VA761A,LI8,48.7,-0.455345911949685,oil_content
M2,VA761A,LI9,46.73333333333333,-0.1775681341719135,oil_content
M3,VK934A,LI1,46.06666666666666,-0.419811320754718,oil_content
M3,VK934A,LI10,47.5,-0.5753668763102695,oil_content
M3,VK934A,LI11,49.766666666666666,0.5968553459119477,oil_content
M3,VK934A,LI12,46.516666666666666,-0.419811320754718,oil_content
M3,VK934A,LI13,50.78333333333333,0.9468553459119492,oil_content
M3,VK934A,LI14,50.03333333333333,0.6579664570230648,oil_content
M3,VK934A,LI15,49.516666666666666,0.580188679245289,oil_content
M3,VK934A,LI16,49.8,0.1801886792452833,oil_content
M3,VK934A,LI17,49.650000000000006,-0.6087002096435938,oil_content
M3,VK934A,LI18,49.266666666666666,-0.8031446540880438,oil_content
M3,VK934A,LI19,49.91666666666667,-0.7587002096436066,oil_content
M3,VK934A,LI2,49.43333333333334,-0.8642557651991538,oil_content
M3,VK934A,LI21,46.56666666666666,-1.6864779874213838,oil_content
M3,VK934A,LI22,47.53333333333333,-0.2809224318658323,oil_content
M3,VK934A,LI23,47.73333333333333,-0.6364779874213795,oil_content
M3,VK934A,LI24,49.63333333333333,0.4857442348008476,oil_content
M3,VK934A,LI25,49.33333333333333,1.085744234800842,oil_content
M3,VK934A,LI26,47.98333333333333,-0.6170335429769338,oil_content
M3,VK934A,LI27,47.23333333333333,-0.7198113207547152,oil_content
M3,VK934A,LI28,48.900000000000006,0.2190775681341819,oil_content
M3,VK934A,LI29,40.08333333333333,-0.914255765199158,oil_content
M3,VK934A,LI3,49.38333333333333,-0.4031446540880452,oil_content
M3,VK934A,LI30,41.83333333333333,1.9857442348008405,oil_content
M3,VK934A,LI31,47.266666666666666,0.3579664570230605,oil_content
M3,VK934A,LI32,50.75,0.4468553459119562,oil_content
M3,VK934A,LI33,49.516666666666666,0.4024109014675119,oil_content
M3,VK934A,LI34,49.266666666666666,0.8690775681341734,oil_content
M3,VK934A,LI35,48.516666666666666,0.7079664570230619,oil_content
M3,VK934A,LI36,47.78333333333333,0.3690775681341733,oil_content
M3,VK934A,LI37,49.883333333333326,1.516299790356392,oil_content
M3,VK934A,LI38,51.9,1.4912997903563934,oil_content
M3,VK934A,LI39,50.1,0.580188679245282,oil_content
M3,VK934A,LI4,49.53333333333333,-0.3253668763102695,oil_content
M3,VK934A,LI40,51.26666666666667,0.591299790356409,oil_content
M3,VK934A,LI41,48.89999999999999,-1.0364779874213923,oil_content
M3,VK934A,LI42,50.15,0.3135220125786162,oil_content
M3,VK934A,LI43,46.883333333333326,-1.4364779874213838,oil_content
M3,VK934A,LI44,49.33333333333334,0.2524109014675133,oil_content
M3,VK934A,LI45,49.16666666666666,-1.2475890985324938,oil_content
M3,VK934A,LI46,49.61666666666666,-0.7087002096436095,oil_content
M3,VK934A,LI47,47.63333333333334,-1.114255765199161,oil_content
M3,VK934A,LI48,49.28333333333333,0.5301886792452848,oil_content
M3,VK934A,LI49,51.61666666666666,1.3690775681341734,oil_content
M3,VK934A,LI5,50.73333333333333,-0.7475890985324938,oil_content
M3,VK934A,LI50,47.33333333333333,-0.0698113207547166,oil_content
M3,VK934A,LI51,50.3,0.8857442348008391,oil_content
M3,VK934A,LI52,49.76666666666666,0.3635220125786134,oil_content
M3,VK934A,LI53,50.36666666666666,0.6746331236897234,oil_content
M3,VK934A,LI54,45.74999999999999,-1.5253668763102797,oil_content
M3,VK934A,LI6,48.3,-0.8975890985324853,oil_content
M3,VK934A,LI7,50.99999999999999,0.891299790356392,oil_content
M3,VK934A,LI8,50.13333333333333,0.3968553459119519,oil_content
M3,VK934A,LI9,47.333333333333336,-0.1587002096436052,oil_content
M1,VK101A,LI1,71.6,-1.1745283018867951,seed_weight_1000
M1,VK101A,LI10,67.15,-3.607861635220118,seed_weight_1000
M1,VK101A,LI11,62.0,-3.274528301886789,seed_weight_1000
M1,VK101A,LI12,66.65,-2.374528301886784,seed_weight_1000
M1,VK101A,LI13,66.85,1.9254716981132127,seed_weight_1000
M1,VK101A,LI14,63.2,1.9754716981132103,seed_weight_1000
M1,VK101A,LI15,65.0,-0.0078616352201237,seed_weight_1000
M1,VK101A,LI16,53.65,-4.341194968553459,seed_weight_1000
M1,VK101A,LI17,55.8,-1.6745283018868022,seed_weight_1000
M1,VK101A,LI18,57.75,-4.274528301886789,seed_weight_1000
M1,VK101A,LI19,56.3,-0.9911949685534652,seed_weight_1000
M1,VK101A,LI2,59.3,-2.141194968553464,seed_weight_1000
M1,VK101A,LI20,55.1,6.067138364779872,seed_weight_1000
M1,VK101A,LI21,70.9,0.2754716981132077,seed_weight_1000
M1,VK101A,LI22,66.1,-1.9578616352201264,seed_weight_1000
M1,VK101A,LI23,81.69999999999999,8.09213836477987,seed_weight_1000
M1,VK101A,LI24,59.75,2.3588050314465363,seed_weight_1000
M1,VK101A,LI25,75.75,4.4088050314465335,seed_weight_1000
M1,VK101A,LI26,62.95,-3.757861635220124,seed_weight_1000
M1,VK101A,LI27,60.45,-2.474528301886778,seed_weight_1000
M1,VK101A,LI28,63.15,-2.124528301886791,seed_weight_1000
M1,VK101A,LI29,109.15,10.458805031446545,seed_weight_1000
M1,VK101A,LI3,56.45,3.275471698113208,seed_weight_1000
M1,VK101A,LI30,98.5,4.425471698113199,seed_weight_1000
M1,VK101A,LI31,64.9,2.5921383647798706,seed_weight_1000
M1,VK101A,LI32,57.85,-0.2245283018867923,seed_weight_1000
M1,VK101A,LI33,71.45,3.908805031446548,seed_weight_1000
M1,VK101A,LI34,67.3,-0.0578616352201208,seed_weight_1000
M1,VK101A,LI35,70.65,9.60880503144655,seed_weight_1000
M1,VK101A,LI36,67.0,0.1754716981131991,seed_weight_1000
M1,VK101A,LI38,54.5,2.575471698113205,seed_weight_1000
M1,VK101A,LI39,61.900000000000006,-0.2911949685534551,seed_weight_1000
M1,VK101A,LI4,56.9,-2.4578616352201195,seed_weight_1000
M1,VK101A,LI40,56.9,2.3421383647798706,seed_weight_1000
M1,VK101A,LI41,61.35,1.4921383647798834,seed_weight_1000
M1,VK101A,LI42,50.5,-0.6911949685534537,seed_weight_1000
M1,VK101A,LI43,51.4,-2.2245283018867923,seed_weight_1000
M1,VK101A,LI44,50.35,0.2254716981132105,seed_weight_1000
M1,VK101A,LI45,56.5,-5.524528301886789,seed_weight_1000
M1,VK101A,LI46,58.2,-4.457861635220127,seed_weight_1000
M1,VK101A,LI47,59.75,0.8254716981132191,seed_weight_1000
M1,VK101A,LI48,55.3,-0.6745283018868022,seed_weight_1000
M1,VK101A,LI49,56.7,4.675471698113213,seed_weight_1000
M1,VK101A,LI5,56.85,-1.2578616352201308,seed_weight_1000
M1,VK101A,LI50,70.9,-1.8911949685534493,seed_weight_1000
M1,VK101A,LI51,54.45,-3.857861635220132,seed_weight_1000
M1,VK101A,LI52,65.44999999999999,-1.124528301886798,seed_weight_1000
M1,VK101A,LI53,55.75,-4.641194968553464,seed_weight_1000
M1,VK101A,LI54,61.85,-4.2745283018867966,seed_weight_1000
M1,VK101A,LI6,59.45,-4.974528301886807,seed_weight_1000
M1,VK101A,LI7,61.85,3.0921383647798706,seed_weight_1000
M1,VK101A,LI8,58.95,2.458805031446545,seed_weight_1000
M1,VK101A,LI9,52.1,-7.591194968553459,seed_weight_1000
M2,VA761A,LI1,71.0,-2.441509433962267,seed_weight_1000
M2,VA761A,LI10,72.25,0.8251572327043988,seed_weight_1000
M2,VA761A,LI11,66.6,0.6584905660377274,seed_weight_1000
M2,VA761A,LI12,71.85,2.158490566037728,seed_weight_1000
M2,VA761A,LI13,63.45,-2.141509433962256,seed_weight_1000
M2,VA761A,LI14,64.25,2.35849056603773,seed_weight_1000
M2,VA761A,LI15,67.0,1.3251572327043988,seed_weight_1000
M2,VA761A,LI16,61.2,2.541823899371068,seed_weight_1000
M2,VA761A,LI17,56.75,-1.3915094339622769,seed_weight_1000
M2,VA761A,LI18,61.4,-1.2915094339622684,seed_weight_1000
M2,VA761A,LI19,55.55,-2.4081761006289426,seed_weight_1000
M2,VA761A,LI2,65.85,3.741823899371056,seed_weight_1000
M2,VA761A,LI20,54.55,4.85015723270439,seed_weight_1000
M2,VA761A,LI21,70.30000000000001,-0.991509433962264,seed_weight_1000
M2,VA761A,LI22,70.94999999999999,2.2251572327043903,seed_weight_1000
M2,VA761A,LI23,67.75,-6.524842767295596,seed_weight_1000
M2,VA761A,LI24,57.3,-0.758176100628944,seed_weight_1000
M2,VA761A,LI25,71.75,-0.258176100628944,seed_weight_1000
M2,VA761A,LI27,64.85,1.258490566037736,seed_weight_1000
M2,VA761A,LI28,73.0,7.058490566037733,seed_weight_1000
M2,VA761A,LI29,92.7,-6.658176100628936,seed_weight_1000
M2,VA761A,LI3,48.45,-5.39150943396227,seed_weight_1000
M2,VA761A,LI30,94.95,0.2084905660377103,seed_weight_1000
M2,VA761A,LI31,58.55,-4.424842767295615,seed_weight_1000
M2,VA761A,LI32,63.5,4.758490566037729,seed_weight_1000
M2,VA761A,LI33,68.15,-0.0581761006289269,seed_weight_1000
M2,VA761A,LI34,69.15,1.12515723270441,seed_weight_1000
M2,VA761A,LI35,58.3,-3.4081761006289355,seed_weight_1000
M2,VA761A,LI36,67.7,0.2084905660377245,seed_weight_1000
M2,VA761A,LI37,50.55,-3.249842767295604,seed_weight_1000
M2,VA761A,LI38,53.150000000000006,0.5584905660377331,seed_weight_1000
M2,VA761A,LI39,65.9,3.041823899371068,seed_weight_1000
M2,VA761A,LI4,60.95,0.9251572327044072,seed_weight_1000
M2,VA761A,LI40,54.0,-1.2248427672956057,seed_weight_1000
M2,VA761A,LI41,56.5,-4.024842767295596,seed_weight_1000
M2,VA761A,LI42,49.45,-2.4081761006289284,seed_weight_1000
M2,VA761A,LI43,53.75,-0.5415094339622684,seed_weight_1000
M2,VA761A,LI44,52.85,2.058490566037726,seed_weight_1000
M2,VA761A,LI45,68.75,6.058490566037733,seed_weight_1000
M2,VA761A,LI46,65.15,1.8251572327043988,seed_weight_1000
M2,VA761A,LI47,59.3,-0.2915094339622612,seed_weight_1000
M2,VA761A,LI48,57.1,0.4584905660377245,seed_weight_1000
M2,VA761A,LI49,50.4,-2.2915094339622684,seed_weight_1000
M2,VA761A,LI5,57.5,-1.2748427672956026,seed_weight_1000
M2,VA761A,LI50,74.45,0.9918238993710702,seed_weight_1000
M2,VA761A,LI51,64.05,5.075157232704385,seed_weight_1000
M2,VA761A,LI52,69.69999999999999,2.4584905660377245,seed_weight_1000
M2,VA761A,LI53,62.85,1.7918238993710531,seed_weight_1000
M2,VA761A,LI54,69.4,2.60849056603773,seed_weight_1000
M2,VA761A,LI6,64.30000000000001,-0.7915094339622755,seed_weight_1000
M2,VA761A,LI7,61.1,1.6751572327044002,seed_weight_1000
M2,VA761A,LI8,53.3,-3.8581761006289375,seed_weight_1000
M2,VA761A,LI9,64.05,3.691823899371059,seed_weight_1000
M3,VK934A,LI1,93.1,3.616037735849048,seed_weight_1000
M3,VK934A,LI10,90.25,2.78270440251572,seed_weight_1000
M3,VK934A,LI11,84.6,2.616037735849048,seed_weight_1000
M3,VK934A,LI12,85.94999999999999,0.2160377358490421,seed_weight_1000
M3,VK934A,LI13,81.85,0.2160377358490564,seed_weight_1000
M3,VK934A,LI14,73.6,-4.333962264150955,seed_weight_1000
M3,VK934A,LI15,80.4,-1.317295597484275,seed_weight_1000
M3,VK934A,LI16,76.5,1.799371069182385,seed_weight_1000
M3,VK934A,LI17,77.25,3.066037735849044,seed_weight_1000
M3,VK934A,LI18,84.3,5.566037735849051,seed_weight_1000
M3,VK934A,LI19,77.4,3.3993710691823864,seed_weight_1000
M3,VK934A,LI2,76.55,-1.6006289308176207,seed_weight_1000
M3,VK934A,LI21,88.05000000000001,0.7160377358490564,seed_weight_1000
M3,VK934A,LI22,84.5,-0.2672955974842779,seed_weight_1000
M3,VK934A,LI23,88.75,-1.567295597484275,seed_weight_1000
M3,VK934A,LI24,72.5,-1.6006289308176207,seed_weight_1000
M3,VK934A,LI25,83.9,-4.150628930817618,seed_weight_1000
M3,VK934A,LI26,82.05,-1.3672955974842864,seed_weight_1000
M3,VK934A,LI27,80.85,1.2160377358490564,seed_weight_1000
M3,VK934A,LI28,77.05,-4.933962264150949,seed_weight_1000
M3,VK934A,LI29,111.6,-3.800628930817624,seed_weight_1000
M3,VK934A,LI3,72.0,2.116037735849048,seed_weight_1000
M3,VK934A,LI30,106.15,-4.633962264150952,seed_weight_1000
M3,VK934A,LI31,80.85,1.8327044025157024,seed_weight_1000
M3,VK934A,LI32,70.25,-4.533962264150951,seed_weight_1000
M3,VK934A,LI33,80.4,-3.850628930817608,seed_weight_1000
M3,VK934A,LI34,83.0,-1.067295597484275,seed_weight_1000
M3,VK934A,LI35,71.55,-6.200628930817615,seed_weight_1000
M3,VK934A,LI36,83.15,-0.3839622641509521,seed_weight_1000
M3,VK934A,LI37,67.3,-2.542295597484284,seed_weight_1000
M3,VK934A,LI38,65.5,-3.133962264150952,seed_weight_1000
M3,VK934A,LI39,76.15,-2.750628930817612,seed_weight_1000
M3,VK934A,LI4,77.6,1.5327044025157193,seed_weight_1000
M3,VK934A,LI40,70.15,-1.117295597484279,seed_weight_1000
M3,VK934A,LI41,79.1,2.53270440251572,seed_weight_1000
M3,VK934A,LI42,71.0,3.099371069182389,seed_weight_1000
M3,VK934A,LI43,73.1,2.7660377358490464,seed_weight_1000
M3,VK934A,LI44,64.55,-2.2839622641509507,seed_weight_1000
M3,VK934A,LI45,78.2,-0.5339622641509436,seed_weight_1000
M3,VK934A,LI46,82.0,2.6327044025157136,seed_weight_1000
M3,VK934A,LI47,75.1,-0.5339622641509436,seed_weight_1000
M3,VK934A,LI48,72.9,0.2160377358490492,seed_weight_1000
M3,VK934A,LI49,66.35,-2.383962264150952,seed_weight_1000
M3,VK934A,LI5,77.35,2.532704402515712,seed_weight_1000
M3,VK934A,LI50,90.4,0.8993710691823935,seed_weight_1000
M3,VK934A,LI51,73.80000000000001,-1.2172955974842807,seed_weight_1000
M3,VK934A,LI52,81.94999999999999,-1.333962264150955,seed_weight_1000
M3,VK934A,LI53,79.95,2.849371069182382,seed_weight_1000
M3,VK934A,LI54,84.5,1.666037735849045,seed_weight_1000
M3,VK934A,LI6,86.9,5.766037735849039,seed_weight_1000
M3,VK934A,LI7,70.69999999999999,-4.767295597484292,seed_weight_1000
M3,VK934A,LI8,74.6,1.3993710691823793,seed_weight_1000
M3,VK934A,LI9,80.3,3.8993710691823793,seed_weight_1000
M1,VK101A,LI1,158.80833333333334,-3.88924464773524,plant_height
M1,VK101A,LI10,153.04166666666669,7.9264960930055395,plant_height
M1,VK101A,LI11,173.0527777777778,-1.2966520551426015,plant_height
M1,VK101A,LI12,174.39999999999998,-3.0830998665904588,plant_height
M1,VK101A,LI13,171.5861111111111,4.525570167079593,plant_height
M1,VK101A,LI14,168.35555555555555,0.5801997967092234,plant_height
M1,VK101A,LI15,167.3777777777778,1.3866812781907072,plant_height
M1,VK101A,LI16,172.0,0.426496093005511,plant_height
M1,VK101A,LI17,175.95277777777778,-1.2549853884759727,plant_height
M1,VK101A,LI18,175.575,-3.804059462550072,plant_height
M1,VK101A,LI19,184.2333333333333,0.1709405374499795,plant_height
M1,VK101A,LI2,156.20833333333334,-7.893958452449027,plant_height
M1,VK101A,LI20,173.90833333333333,4.426496093005511,plant_height
M1,VK101A,LI21,169.49166666666667,3.2431627596722024,plant_height
M1,VK101A,LI22,160.45,-0.8485039069944946,plant_height
M1,VK101A,LI23,163.6,-1.248503906994472,plant_height
M1,VK101A,LI24,164.95277777777778,0.6866812781907186,plant_height
M1,VK101A,LI25,159.64999999999998,-6.201281684772283,plant_height
M1,VK101A,LI26,158.07651515151514,-3.860246331236908,plant_height
M1,VK101A,LI27,157.875,-1.5818372403278147,plant_height
M1,VK101A,LI28,171.99166666666667,5.662607204116654,plant_height
M1,VK101A,LI29,178.98888888888888,3.169088685598126,plant_height
M1,VK101A,LI3,152.825,-1.0318372403278318,plant_height
M1,VK101A,LI30,177.45277777777778,2.361681278190701,plant_height
M1,VK101A,LI31,167.89166666666668,-5.607763166253733,plant_height
M1,VK101A,LI32,169.28055555555557,1.6385331300425603,plant_height
M1,VK101A,LI33,162.81666666666666,-0.2040594625500489,plant_height
M1,VK101A,LI34,175.05833333333334,4.668162759672185,plant_height
M1,VK101A,LI35,153.92045454545456,-5.904311987802572,plant_height
M1,VK101A,LI36,165.61666666666667,7.0903849818944025,plant_height
M1,VK101A,LI38,168.075,2.8459405374499624,plant_height
M1,VK101A,LI39,159.58333333333334,0.9264960930055396,plant_height
M1,VK101A,LI4,156.35833333333335,4.357051648561111,plant_height
M1,VK101A,LI40,162.73333333333335,4.184829426338865,plant_height
M1,VK101A,LI41,170.19166666666666,2.684829426338837,plant_height
M1,VK101A,LI42,165.64999999999998,-3.034615018105597,plant_height
M1,VK101A,LI43,180.09166666666667,4.057051648561071,plant_height
M1,VK101A,LI44,173.26666666666668,-3.2151705736611405,plant_height
M1,VK101A,LI45,185.55,8.754273870783322,plant_height
M1,VK101A,LI46,177.825,2.9570516485610767,plant_height
M1,VK101A,LI47,175.29166666666666,-1.9929483514389403,plant_height
M1,VK101A,LI48,164.23333333333335,-6.065170573661135,plant_height
M1,VK101A,LI49,170.95833333333331,5.368162759672174,plant_height
M1,VK101A,LI5,156.98333333333335,2.990384981894408,plant_height
M1,VK101A,LI50,178.19166666666666,-0.6123927958833519,plant_height
M1,VK101A,LI51,171.825,-0.681837240327809,plant_height
M1,VK101A,LI52,168.99166666666667,0.0403849818944195,plant_height
M1,VK101A,LI53,159.89166666666665,-8.220726129216729,plant_height
M1,VK101A,LI54,150.525,-3.0151705736611234,plant_height
M1,VK101A,LI6,158.43333333333334,-6.673503906994455,plant_height
M1,VK101A,LI7,161.7111111111111,1.10057016707961,plant_height
M1,VK101A,LI8,158.9138888888889,-1.3809113144018852,plant_height
M1,VK101A,LI9,144.225,-4.490170573661146,plant_height
M2,VA761A,LI1,155.53055555555557,4.743869512737433,plant_height
M2,VA761A,LI10,128.28333333333333,-4.920945302077371,plant_height
M2,VA761A,LI11,162.275,-0.1635378946699575,plant_height
M2,VA761A,LI12,167.8,2.2277920716600192,plant_height
M2,VA761A,LI13,146.875,-8.274649005781072,plant_height
M2,VA761A,LI14,152.25,-3.614463820595887,plant_height
M2,VA761A,LI15,150.875,-3.205204561336643,plant_height
M2,VA761A,LI16,161.5,1.837388031255955,plant_height
M2,VA761A,LI17,165.45,0.1531287719966769,plant_height
M2,VA761A,LI18,169.175,1.706832475700395,plant_height
M2,VA761A,LI19,169.53333333333333,-2.6181675242995937,plant_height
M2,VA761A,LI2,159.9280303030303,7.736630455498386,plant_height
M2,VA761A,LI20,161.575,4.004054697922612,plant_height
M2,VA761A,LI21,152.76666666666665,-1.5709453020773765,plant_height
M2,VA761A,LI22,147.99166666666667,-1.3959453020773651,plant_height
M2,VA761A,LI23,160.04166666666666,7.104054697922635,plant_height
M2,VA761A,LI24,155.625,3.26979543866338,plant_height
M2,VA761A,LI25,164.06666666666666,10.126276920144846,plant_height
M2,VA761A,LI27,152.30833333333334,4.762388031255966,plant_height
M2,VA761A,LI28,154.69166666666666,0.2734991423670863,plant_height
M2,VA761A,LI29,166.75,2.84109173495969,plant_height
M2,VA761A,LI3,132.525,-9.42094530207737,plant_height
M2,VA761A,LI30,168.1,4.919795438663357,plant_height
M2,VA761A,LI31,161.81944444444443,0.2309065497744598,plant_height
M2,VA761A,LI32,156.925,1.19386951273745,plant_height
M2,VA761A,LI33,153.85833333333335,2.7484991423670806,plant_height
M2,VA761A,LI34,158.625,0.145721364589292,plant_height
M2,VA761A,LI35,146.16666666666669,-1.7472079283400035,plant_height
M2,VA761A,LI36,149.05833333333334,2.442943586811509,plant_height
M2,VA761A,LI37,153.95,-1.5542786354106966,plant_height
M2,VA761A,LI38,150.25833333333333,-3.0598341909662565,plant_height
M2,VA761A,LI39,144.29999999999998,-2.4459453020773765,plant_height
M2,VA761A,LI4,135.70833333333331,-4.382056413188479,plant_height
M2,VA761A,LI40,147.44166666666666,0.8040546979226235,plant_height
M2,VA761A,LI41,158.65833333333336,3.0623880312559777,plant_height
M2,VA761A,LI42,154.63333333333333,-2.140389746521805,plant_height
M2,VA761A,LI43,162.325,-1.798723079855165,plant_height
M2,VA761A,LI44,171.325,6.754054697922612,plant_height
M2,VA761A,LI45,160.98333333333332,-3.901500857632925,plant_height
M2,VA761A,LI46,157.00833333333333,-5.948723079855142,plant_height
M2,VA761A,LI47,163.275,-2.098723079855148,plant_height
M2,VA761A,LI48,149.875,-8.51261196874404,plant_height
M2,VA761A,LI49,156.64166666666665,2.962388031255955,plant_height
M2,VA761A,LI5,138.35833333333335,-3.723723079855148,plant_height
M2,VA761A,LI50,170.36666666666667,3.473499142367104,plant_height
M2,VA761A,LI51,158.475,-2.1209453020773594,plant_height
M2,VA761A,LI52,159.475,2.4346102534781835,plant_height
M2,VA761A,LI53,155.725,-0.4765008576329421,plant_height
M2,VA761A,LI54,136.375,-5.254278635410685,plant_height
M2,VA761A,LI6,155.2,2.004054697922641,plant_height
M2,VA761A,LI7,144.9,-3.799649005781049,plant_height
M2,VA761A,LI8,146.25,-2.1339082650403327,plant_height
M2,VA761A,LI9,138.78333333333333,1.9790546979226349,plant_height
M3,VK934A,LI1,168.53333333333336,-0.8546248650022221,plant_height
M3,VK934A,LI10,148.8,-3.0055507909281403,plant_height
M3,VK934A,LI11,182.5,1.4601899498125874,plant_height
M3,VK934A,LI12,185.0287878787879,0.8553077949304679,plant_height
M3,VK934A,LI13,177.5,3.749078838701479,plant_height
M3,VK934A,LI14,177.5,3.034264023886664,plant_height
M3,VK934A,LI15,174.5,1.8185232831459075,plant_height
M3,VK934A,LI16,176.0,-2.2638841242614944,plant_height
M3,VK934A,LI17,185.0,1.101856616479239,plant_height
M3,VK934A,LI18,188.16666666666669,2.09722698684962,plant_height
M3,VK934A,LI19,193.2,2.447226986849614,plant_height
M3,VK934A,LI2,170.95,0.1573279969506131,plant_height
M3,VK934A,LI21,171.26666666666665,-1.672217457594826,plant_height
M3,VK934A,LI22,170.23333333333335,2.24444920907186,plant_height
M3,VK934A,LI23,165.68333333333334,-5.855550790928135,plant_height
M3,VK934A,LI24,167.0,-3.9564767168540698,plant_height
M3,VK934A,LI25,168.61666666666667,-3.924995235372592,plant_height
M3,VK934A,LI26,162.31666666666666,-6.31047503335239,plant_height
M3,VK934A,LI27,162.9666666666667,-3.180550790928123,plant_height
M3,VK934A,LI28,167.08333333333331,-5.936106346483712,plant_height
M3,VK934A,LI29,176.5,-6.010180420557759,plant_height
M3,VK934A,LI3,171.0,10.452782542405174,plant_height
M3,VK934A,LI30,174.5,-7.281476716854087,plant_height
M3,VK934A,LI31,185.56666666666663,5.376856616479245,plant_height
M3,VK934A,LI32,171.5,-2.83240264278001,plant_height
M3,VK934A,LI33,167.16666666666669,-2.544439679817032,plant_height
M3,VK934A,LI34,172.26666666666665,-4.813884124261506,plant_height
M3,VK934A,LI35,174.16666666666669,7.651519916142547,plant_height
M3,VK934A,LI36,155.68333333333334,-9.53332856870594,plant_height
M3,VK934A,LI37,177.39999999999998,3.2944492090718427,plant_height
M3,VK934A,LI38,172.13333333333333,0.213893653516294,plant_height
M3,VK934A,LI39,166.86666666666667,1.5194492090718654,plant_height
M3,VK934A,LI4,158.71666666666667,0.0250047646274254,plant_height
M3,VK934A,LI40,160.25,-4.988884124261489,plant_height
M3,VK934A,LI41,168.45,-5.747217457594843,plant_height
M3,VK934A,LI42,180.55,5.175004764627431,plant_height
M3,VK934A,LI43,180.46666666666664,-2.258328568705963,plant_height
M3,VK934A,LI44,179.63333333333333,-3.5388841242615,plant_height
M3,VK934A,LI45,178.63333333333333,-4.852773013150369,plant_height
M3,VK934A,LI46,184.55,2.991671431294094,plant_height
M3,VK934A,LI47,188.06666666666663,4.09167143129406,plant_height
M3,VK934A,LI48,191.56666666666663,14.577782542405174,plant_height
M3,VK934A,LI49,163.95,-8.330550790928157,plant_height
M3,VK934A,LI5,161.41666666666669,0.7333380979607398,plant_height
M3,VK934A,LI50,182.63333333333333,-2.8611063464836946,plant_height
M3,VK934A,LI51,182.0,2.802782542405197,plant_height
M3,VK934A,LI52,173.16666666666669,-2.4749952353725746,plant_height
M3,VK934A,LI53,183.5,8.697226986849614,plant_height
M3,VK934A,LI54,168.5,8.269449209071865,plant_height
M3,VK934A,LI6,176.46666666666664,4.669449209071843,plant_height
M3,VK934A,LI7,170.0,2.699078838701496,plant_height
M3,VK934A,LI8,170.5,3.514819579442218,plant_height
M3,VK934A,LI9,157.91666666666666,2.5111158757385112,plant_height
M1,VK101A,LI1,19.3,-0.4607474112191099,head_diameter
M1,VK101A,LI10,16.15,-0.8209325964042975,head_diameter
M1,VK101A,LI11,19.03611111111111,0.0503636998920029,head_diameter
M1,VK101A,LI12,19.008333333333333,0.5091179086462105,head_diameter
M1,VK101A,LI13,18.947222222222223,0.4661044406327441,head_diameter
M1,VK101A,LI14,19.71388888888889,0.9355488850771893,head_diameter
M1,VK101A,LI15,18.38611111111112,-0.3829696334413306,head_diameter
M1,VK101A,LI16,21.49722222222222,1.657771107299407,head_diameter
M1,VK101A,LI17,19.86111111111111,0.1170303665586693,head_diameter
M1,VK101A,LI18,19.641666666666666,-0.1820437075154046,head_diameter
M1,VK101A,LI19,19.73333333333333,-1.2959325964042954,head_diameter
M1,VK101A,LI2,18.25,0.0086128581411593,head_diameter
M1,VK101A,LI20,17.65,-1.2112103741820732,head_diameter
M1,VK101A,LI21,17.625,-0.3570437075154054,head_diameter
M1,VK101A,LI22,17.75,-0.0570437075154046,head_diameter
M1,VK101A,LI23,19.291666666666668,0.7596229591512618,head_diameter
M1,VK101A,LI24,18.502777777777773,0.1531414776697772,head_diameter
M1,VK101A,LI25,17.366666666666667,-0.7125992630709597,head_diameter
M1,VK101A,LI26,17.606060606060606,-1.13318007115177,head_diameter
M1,VK101A,LI27,18.183333333333337,-0.2542659297376275,head_diameter
M1,VK101A,LI28,16.958333333333332,-0.8820437075154075,head_diameter
M1,VK101A,LI29,17.025,-0.0987103741820725,head_diameter
M1,VK101A,LI3,18.13888888888889,-0.0144511149228137,head_diameter
M1,VK101A,LI30,17.78611111111111,-0.0996363001079956,head_diameter
M1,VK101A,LI31,18.866666666666667,-0.3264881519598503,head_diameter
M1,VK101A,LI32,19.372222222222224,0.7781414776697808,head_diameter
M1,VK101A,LI33,17.475,-0.9403770408487376,head_diameter
M1,VK101A,LI34,19.98333333333333,1.5762896258179282,head_diameter
M1,VK101A,LI35,18.349242424242423,-0.2492154246871223,head_diameter
M1,VK101A,LI36,17.516666666666666,-0.5875992630709632,head_diameter
M1,VK101A,LI38,18.59166666666667,0.4429562924845953,head_diameter
M1,VK101A,LI39,18.141666666666666,-0.5264881519598497,head_diameter
M1,VK101A,LI4,17.85,0.8707340702623725,head_diameter
M1,VK101A,LI40,20.10833333333333,0.6679562924845968,head_diameter
M1,VK101A,LI41,19.691666666666663,0.7401785147068161,head_diameter
M1,VK101A,LI42,19.10833333333333,0.2179562924845939,head_diameter
M1,VK101A,LI43,19.53333333333333,-0.0792659297376303,head_diameter
M1,VK101A,LI44,18.541666666666664,0.5068451813734818,head_diameter
M1,VK101A,LI45,19.08333333333333,0.8012896258179261,head_diameter
M1,VK101A,LI46,19.216666666666665,0.6235118480401489,head_diameter
M1,VK101A,LI47,17.916666666666664,-0.2487103741820746,head_diameter
M1,VK101A,LI48,17.833333333333336,-0.4542659297376232,head_diameter
M1,VK101A,LI49,17.6,0.1735118480401496,head_diameter
M1,VK101A,LI5,17.75,-0.2514881519598511,head_diameter
M1,VK101A,LI50,18.40833333333333,0.3707340702623725,head_diameter
M1,VK101A,LI51,20.36111111111111,0.7253636998920037,head_diameter
M1,VK101A,LI52,18.991666666666667,0.8068451813734825,head_diameter
M1,VK101A,LI53,19.308333333333334,-0.6348214852931839,head_diameter
M1,VK101A,LI54,18.288888888888888,0.2188822184105205,head_diameter
M1,VK101A,LI6,17.691666666666666,-0.8598214852931818,head_diameter
M1,VK101A,LI7,20.605555555555554,0.096659996188297,head_diameter
M1,VK101A,LI8,19.772222222222226,0.5744377739660749,head_diameter
M1,VK101A,LI9,15.3,-1.5264881519598497,head_diameter
M2,VA761A,LI1,19.39444444444445,-0.3445095610189881,head_diameter
M2,VA761A,LI10,17.116666666666667,0.1675274760180443,head_diameter
M2,VA761A,LI11,18.725,-0.2389540054634338,head_diameter
M2,VA761A,LI12,17.85,-0.6274220189314477,head_diameter
M2,VA761A,LI13,17.8,-0.6593243758338048,head_diameter
M2,VA761A,LI14,18.425,-0.3315465980560255,head_diameter
M2,VA761A,LI15,19.225,0.4777126612032312,head_diameter
M2,VA761A,LI16,19.325,-0.4926577091671404,head_diameter
M2,VA761A,LI17,19.675,-0.0472873387967673,head_diameter
M2,VA761A,LI18,19.866666666666667,0.0647496982402699,head_diameter
M2,VA761A,LI19,23.950000000000003,2.9425274760180464,head_diameter
M2,VA761A,LI2,18.578030303030303,0.3584365669271356,head_diameter
M2,VA761A,LI20,19.60833333333333,0.7689163649069357,head_diameter
M2,VA761A,LI21,17.508333333333333,-0.4519169684263993,head_diameter
M2,VA761A,LI22,17.275,-0.5102503017597328,head_diameter
M2,VA761A,LI23,18.016666666666666,-0.4935836350930671,head_diameter
M2,VA761A,LI24,18.35,0.022157105647679,head_diameter
M2,VA761A,LI25,19.275,1.217527476018045,head_diameter
M2,VA761A,LI27,18.616666666666667,0.2008608093513757,head_diameter
M2,VA761A,LI28,18.98333333333333,1.164749698240268,head_diameter
M2,VA761A,LI29,16.65,-0.4519169684263993,head_diameter
M2,VA761A,LI3,17.125,-1.0065465980560262,head_diameter
M2,VA761A,LI30,18.675,0.8110459945365669,head_diameter
M2,VA761A,LI31,19.075,-0.0963614128708449,head_diameter
M2,VA761A,LI32,19.71388888888889,1.141601550092119,head_diameter
M2,VA761A,LI33,19.33333333333333,0.9397496982402664,head_diameter
M2,VA761A,LI34,17.258333333333333,-1.1269169684264,head_diameter
M2,VA761A,LI35,18.333333333333336,-0.2433311098405361,head_diameter
M2,VA761A,LI36,18.85,0.7675274760180457,head_diameter
M2,VA761A,LI37,18.9,-0.1810836350930671,head_diameter
M2,VA761A,LI38,18.075000000000003,-0.0519169684263971,head_diameter
M2,VA761A,LI39,18.175,-0.471361412870845,head_diameter
M2,VA761A,LI4,17.116666666666667,0.1591941426847114,head_diameter
M2,VA761A,LI40,20.15,0.7314163649069343,head_diameter
M2,VA761A,LI41,18.35833333333333,-0.5713614128708429,head_diameter
M2,VA761A,LI42,18.916666666666668,0.0480830315736007,head_diameter
M2,VA761A,LI43,19.008333333333333,-0.5824725239819557,head_diameter
M2,VA761A,LI44,17.741666666666667,-0.2713614128708421,head_diameter
M2,VA761A,LI45,17.383333333333333,-0.8769169684264,head_diameter
M2,VA761A,LI46,17.59166666666667,-0.9796947462041744,head_diameter
M2,VA761A,LI47,18.450000000000003,0.3064163649069371,head_diameter
M2,VA761A,LI48,18.2,-0.0658058573152899,head_diameter
M2,VA761A,LI49,16.791666666666668,-0.6130280795375107,head_diameter
M2,VA761A,LI5,17.708333333333332,-0.2713614128708457,head_diameter
M2,VA761A,LI50,18.03333333333333,0.0175274760180457,head_diameter
M2,VA761A,LI51,19.35,-0.2639540054634324,head_diameter
M2,VA761A,LI52,16.741666666666667,-1.4213614128708445,head_diameter
M2,VA761A,LI53,20.325,0.403638587129155,head_diameter
M2,VA761A,LI54,17.225,-0.8232132647226926,head_diameter
M2,VA761A,LI6,19.48333333333333,0.9536385871291592,head_diameter
M2,VA761A,LI7,21.725,1.2378978463884174,head_diameter
M2,VA761A,LI8,18.625,-0.550991042500474,head_diameter
M2,VA761A,LI9,16.858333333333334,0.0536385871291571,head_diameter
M3,VK934A,LI1,19.891666666666666,0.8052569722381051,head_diameter
M3,VK934A,LI10,16.950000000000003,0.6534051203862532,head_diameter
M3,VK934A,LI11,18.5,0.1885903055714379,head_diameter
M3,VK934A,LI12,17.94318181818182,0.1183041102852442,head_diameter
M3,VK934A,LI13,18.0,0.1932199352010677,head_diameter
M3,VK934A,LI14,17.5,-0.604002287021153,head_diameter
M3,VK934A,LI15,18.0,-0.094743027761897,head_diameter
M3,VK934A,LI16,18.0,-1.1651133981322666,head_diameter
M3,VK934A,LI17,19.0,-0.0697430277618949,head_diameter
M3,VK934A,LI18,19.266666666666666,0.1172940092751417,head_diameter
M3,VK934A,LI19,18.708333333333336,-1.6465948796137475,head_diameter
M3,VK934A,LI2,17.200000000000003,-0.3670494250682914,head_diameter
M3,VK934A,LI21,18.116666666666667,0.8089606759418082,head_diameter
M3,VK934A,LI22,17.700000000000003,0.5672940092751446,head_diameter
M3,VK934A,LI23,17.59166666666667,-0.2660393240581911,head_diameter
M3,VK934A,LI24,17.5,-0.1752985833174491,head_diameter
M3,VK934A,LI25,16.9,-0.5049282129470818,head_diameter
M3,VK934A,LI26,19.40833333333333,1.3434303729115022,head_diameter
M3,VK934A,LI27,17.81666666666667,0.0534051203862517,head_diameter
M3,VK934A,LI28,16.883333333333333,-0.2827059907248603,head_diameter
M3,VK934A,LI29,17.0,0.5506273426084753,head_diameter
M3,VK934A,LI3,18.5,1.020997712978847,head_diameter
M3,VK934A,LI30,16.5,-0.7114096944285606,head_diameter
M3,VK934A,LI31,18.941666666666663,0.4228495648306953,head_diameter
M3,VK934A,LI32,16.0,-1.9197430277618963,head_diameter
M3,VK934A,LI33,17.741666666666667,0.0006273426084746,head_diameter
M3,VK934A,LI34,17.28333333333333,-0.4493726573915282,head_diameter
M3,VK934A,LI35,18.416666666666664,0.4925465345276656,head_diameter
M3,VK934A,LI36,17.25,-0.1799282129470825,head_diameter
M3,VK934A,LI37,18.84166666666667,0.413127342608476,head_diameter
M3,VK934A,LI38,17.083333333333332,-0.3910393240581946,head_diameter
M3,VK934A,LI39,18.991666666666667,0.9978495648306982,head_diameter
M3,VK934A,LI4,15.275,-1.029928212947082,head_diameter
M3,VK934A,LI40,17.366666666666667,-1.399372657391524,head_diameter
M3,VK934A,LI41,18.10833333333333,-0.1688171018359696,head_diameter
M3,VK934A,LI42,17.950000000000003,-0.2660393240581911,head_diameter
M3,VK934A,LI43,19.6,0.6617384537195861,head_diameter
M3,VK934A,LI44,17.125,-0.235483768502636,head_diameter
M3,VK934A,LI45,17.683333333333337,0.0756273426084774,head_diameter
M3,VK934A,LI46,18.275,0.3561828981640289,head_diameter
M3,VK934A,LI47,17.433333333333337,-0.0577059907248553,head_diameter
M3,VK934A,LI48,18.133333333333333,0.5200717870529203,head_diameter
M3,VK934A,LI49,17.191666666666666,0.4395162314973611,head_diameter
M3,VK934A,LI5,17.85,0.5228495648306968,head_diameter
M3,VK934A,LI50,16.975,-0.3882615462804111,head_diameter
M3,VK934A,LI51,18.5,-0.4614096944285606,head_diameter
M3,VK934A,LI52,18.125,0.6145162314973618,head_diameter
M3,VK934A,LI53,19.5,0.2311828981640289,head_diameter
M3,VK934A,LI54,18.0,0.6043310463121792,head_diameter
M3,VK934A,LI6,17.78333333333333,-0.0938171018359703,head_diameter
M3,VK934A,LI7,18.5,-1.3345578425767108,head_diameter
M3,VK934A,LI8,18.5,-0.0234467314656008,head_diameter
M3,VK934A,LI9,17.625,1.472849564830696,head_diameter
M1,VK101A,LI1,52.66666666666667,0.9255765199161416,days_emergence_flowering
M1,VK101A,LI10,50.5,0.147798742138363,days_emergence_flowering
M1,VK101A,LI11,53.66666666666667,-0.907756813417194,days_emergence_flowering
M1,VK101A,LI12,57.83333333333333,1.536687631027256,days_emergence_flowering
M1,VK101A,LI13,55.0,0.4811320754716988,days_emergence_flowering
M1,VK101A,LI14,55.33333333333333,-0.6299790356394155,days_emergence_flowering
M1,VK101A,LI15,53.5,-1.1855345911949726,days_emergence_flowering
M1,VK101A,LI16,56.5,-0.3522012578616369,days_emergence_flowering
M1,VK101A,LI17,57.33333333333333,0.2033542976939202,days_emergence_flowering
M1,VK101A,LI18,56.5,-0.3522012578616369,days_emergence_flowering
M1,VK101A,LI19,56.83333333333333,-0.4633123689727441,days_emergence_flowering
M1,VK101A,LI2,53.83333333333333,-0.1299790356394154,days_emergence_flowering
M1,VK101A,LI20,57.16666666666667,1.2311320754716988,days_emergence_flowering
M1,VK101A,LI21,57.0,1.147798742138363,days_emergence_flowering
M1,VK101A,LI22,54.83333333333333,0.5366876310272559,days_emergence_flowering
M1,VK101A,LI23,54.16666666666667,-0.7410901467505298,days_emergence_flowering
M1,VK101A,LI24,55.16666666666667,0.0922431865828059,days_emergence_flowering
M1,VK101A,LI25,55.66666666666667,-0.7410901467505298,days_emergence_flowering
M1,VK101A,LI26,52.66666666666667,0.9811320754716988,days_emergence_flowering
M1,VK101A,LI27,56.33333333333333,0.3700209643605845,days_emergence_flowering
M1,VK101A,LI28,55.5,0.147798742138363,days_emergence_flowering
M1,VK101A,LI29,54.66666666666667,0.7589098532494702,days_emergence_flowering
M1,VK101A,LI3,53.66666666666667,0.9255765199161416,days_emergence_flowering
M1,VK101A,LI30,55.5,0.8144654088050274,days_emergence_flowering
M1,VK101A,LI31,54.66666666666667,-0.5744234800838584,days_emergence_flowering
M1,VK101A,LI32,55.66666666666667,0.0922431865828059,days_emergence_flowering
M1,VK101A,LI33,55.83333333333333,1.3700209643605843,days_emergence_flowering
M1,VK101A,LI34,52.5,-0.6855345911949726,days_emergence_flowering
M1,VK101A,LI35,53.16666666666667,-1.2410901467505298,days_emergence_flowering
M1,VK101A,LI36,51.33333333333333,-0.7966457023060798,days_emergence_flowering
M1,VK101A,LI38,54.66666666666667,-0.407756813417194,days_emergence_flowering
M1,VK101A,LI39,55.33333333333333,0.0366876310272559,days_emergence_flowering
M1,VK101A,LI4,53.5,0.3144654088050274,days_emergence_flowering
M1,VK101A,LI40,56.33333333333333,0.5366876310272559,days_emergence_flowering
M1,VK101A,LI41,54.66666666666667,0.0922431865828059,days_emergence_flowering
M1,VK101A,LI42,54.5,-0.1855345911949726,days_emergence_flowering
M1,VK101A,LI43,54.0,-1.1855345911949726,days_emergence_flowering
M1,VK101A,LI44,55.16666666666667,-0.907756813417194,days_emergence_flowering
M1,VK101A,LI45,55.5,-0.6855345911949726,days_emergence_flowering
M1,VK101A,LI46,59.0,0.8144654088050274,days_emergence_flowering
M1,VK101A,LI47,57.5,-0.0188679245283012,days_emergence_flowering
M1,VK101A,LI48,55.0,-0.1855345911949726,days_emergence_flowering
M1,VK101A,LI49,54.16666666666667,-0.2410901467505297,days_emergence_flowering
M1,VK101A,LI5,54.33333333333333,1.036687631027256,days_emergence_flowering
M1,VK101A,LI50,56.83333333333333,-0.2966457023060798,days_emergence_flowering
M1,VK101A,LI51,56.66666666666667,-0.2410901467505297,days_emergence_flowering
M1,VK101A,LI52,56.0,-0.6855345911949726,days_emergence_flowering
M1,VK101A,LI53,56.33333333333333,-0.2966457023060798,days_emergence_flowering
M1,VK101A,LI54,54.5,-1.0188679245283012,days_emergence_flowering
M1,VK101A,LI6,53.83333333333333,0.8700209643605845,days_emergence_flowering
M1,VK101A,LI7,54.83333333333333,0.2033542976939202,days_emergence_flowering
M1,VK101A,LI8,56.0,-0.1855345911949726,days_emergence_flowering
M1,VK101A,LI9,53.33333333333333,1.036687631027256,days_emergence_flowering
M2,VA761A,LI1,52.5,-0.2410901467505297,days_emergence_flowering
M2,VA761A,LI10,50.5,-0.8522012578616369,days_emergence_flowering
M2,VA761A,LI11,56.0,0.4255765199161345,days_emergence_flowering
M2,VA761A,LI12,57.0,-0.2966457023060727,days_emergence_flowering
M2,VA761A,LI13,55.0,-0.5188679245283012,days_emergence_flowering
M2,VA761A,LI14,57.0,0.0366876310272559,days_emergence_flowering
M2,VA761A,LI15,55.5,-0.1855345911949726,days_emergence_flowering
M2,VA761A,LI16,57.5,-0.3522012578616369,days_emergence_flowering
M2,VA761A,LI17,58.0,-0.1299790356394083,days_emergence_flowering
M2,VA761A,LI18,57.5,-0.3522012578616369,days_emergence_flowering
M2,VA761A,LI19,58.0,-0.2966457023060727,days_emergence_flowering
M2,VA761A,LI2,55.0,0.0366876310272559,days_emergence_flowering
M2,VA761A,LI20,57.0,0.0644654088050273,days_emergence_flowering
M2,VA761A,LI21,56.5,-0.3522012578616369,days_emergence_flowering
M2,VA761A,LI22,55.0,-0.2966457023060727,days_emergence_flowering
M2,VA761A,LI23,56.5,0.5922431865827988,days_emergence_flowering
M2,VA761A,LI24,56.5,0.4255765199161345,days_emergence_flowering
M2,VA761A,LI25,57.0,-0.4077568134172011,days_emergence_flowering
M2,VA761A,LI27,56.5,-0.4633123689727441,days_emergence_flowering
M2,VA761A,LI28,56.0,-0.3522012578616369,days_emergence_flowering
M2,VA761A,LI29,54.0,-0.9077568134172012,days_emergence_flowering
M2,VA761A,LI3,53.0,-0.7410901467505298,days_emergence_flowering
M2,VA761A,LI30,54.5,-1.1855345911949726,days_emergence_flowering
M2,VA761A,LI31,56.0,-0.2410901467505297,days_emergence_flowering
M2,VA761A,LI32,56.0,-0.5744234800838655,days_emergence_flowering
M2,VA761A,LI33,54.5,-0.963312368972744,days_emergence_flowering
M2,VA761A,LI34,54.5,0.3144654088050274,days_emergence_flowering
M2,VA761A,LI35,56.0,0.5922431865827988,days_emergence_flowering
M2,VA761A,LI36,55.0,1.870020964360592,days_emergence_flowering
M2,VA761A,LI37,56.5,-0.3522012578616369,days_emergence_flowering
M2,VA761A,LI38,56.0,-0.0744234800838654,days_emergence_flowering
M2,VA761A,LI39,56.0,-0.2966457023060727,days_emergence_flowering
M2,VA761A,LI4,54.0,-0.1855345911949726,days_emergence_flowering
M2,VA761A,LI40,57.5,0.7033542976939273,days_emergence_flowering
M2,VA761A,LI41,56.0,0.4255765199161345,days_emergence_flowering
M2,VA761A,LI42,56.0,0.3144654088050274,days_emergence_flowering
M2,VA761A,LI43,56.5,0.3144654088050274,days_emergence_flowering
M2,VA761A,LI44,57.0,-0.0744234800838654,days_emergence_flowering
M2,VA761A,LI45,57.5,0.3144654088050274,days_emergence_flowering
M2,VA761A,LI46,60.5,1.3144654088050274,days_emergence_flowering
M2,VA761A,LI47,58.0,-0.5188679245283012,days_emergence_flowering
M2,VA761A,LI48,56.0,-0.1855345911949726,days_emergence_flowering
M2,VA761A,LI49,55.5,0.0922431865827988,days_emergence_flowering
M2,VA761A,LI5,54.0,-0.2966457023060727,days_emergence_flowering
M2,VA761A,LI50,59.0,0.8700209643605916,days_emergence_flowering
M2,VA761A,LI51,58.5,0.5922431865827988,days_emergence_flowering
M2,VA761A,LI52,58.0,0.3144654088050274,days_emergence_flowering
M2,VA761A,LI53,57.0,-0.6299790356394084,days_emergence_flowering
M2,VA761A,LI54,58.5,1.9811320754716988,days_emergence_flowering
M2,VA761A,LI6,53.0,-0.963312368972744,days_emergence_flowering
M2,VA761A,LI7,55.5,-0.1299790356394083,days_emergence_flowering
M2,VA761A,LI8,56.5,-0.6855345911949726,days_emergence_flowering
M2,VA761A,LI9,53.0,-0.2966457023060727,days_emergence_flowering
M3,VK934A,LI1,53.5,-0.6844863731656261,days_emergence_flowering
M3,VK934A,LI10,53.5,0.7044025157232667,days_emergence_flowering
M3,VK934A,LI11,57.5,0.4821802935010382,days_emergence_flowering
M3,VK934A,LI12,57.5,-1.240041928721169,days_emergence_flowering
M3,VK934A,LI13,57.0,0.0377358490566024,days_emergence_flowering
M3,VK934A,LI14,59.0,0.5932914046121596,days_emergence_flowering
M3,VK934A,LI15,58.5,1.371069182389931,days_emergence_flowering
M3,VK934A,LI16,60.0,0.7044025157232667,days_emergence_flowering
M3,VK934A,LI17,59.5,-0.0733752620545047,days_emergence_flowering
M3,VK934A,LI18,60.0,0.7044025157232667,days_emergence_flowering
M3,VK934A,LI19,60.5,0.759958071278831,days_emergence_flowering
M3,VK934A,LI2,56.5,0.0932914046121595,days_emergence_flowering
M3,VK934A,LI21,57.5,-0.7955974842767333,days_emergence_flowering
M3,VK934A,LI22,56.5,-0.240041928721169,days_emergence_flowering
M3,VK934A,LI23,57.5,0.1488469601677025,days_emergence_flowering
M3,VK934A,LI24,57.0,-0.5178197064989618,days_emergence_flowering
M3,VK934A,LI25,60.0,1.1488469601677025,days_emergence_flowering
M3,VK934A,LI26,53.0,-1.128930817610069,days_emergence_flowering
M3,VK934A,LI27,58.5,0.0932914046121595,days_emergence_flowering
M3,VK934A,LI28,58.0,0.2044025157232667,days_emergence_flowering
M3,VK934A,LI29,56.5,0.1488469601677025,days_emergence_flowering
M3,VK934A,LI3,55.0,-0.1844863731656261,days_emergence_flowering
M3,VK934A,LI30,57.5,0.371069182389931,days_emergence_flowering
M3,VK934A,LI31,58.5,0.8155136268343739,days_emergence_flowering
M3,VK934A,LI32,58.5,0.4821802935010382,days_emergence_flowering
M3,VK934A,LI33,56.5,-0.4067085953878404,days_emergence_flowering
M3,VK934A,LI34,56.0,0.371069182389931,days_emergence_flowering
M3,VK934A,LI35,57.5,0.6488469601677025,days_emergence_flowering
M3,VK934A,LI36,53.5,-1.0733752620545047,days_emergence_flowering
M3,VK934A,LI37,57.5,-0.7955974842767333,days_emergence_flowering
M3,VK934A,LI38,58.0,0.4821802935010382,days_emergence_flowering
M3,VK934A,LI39,58.0,0.2599580712788309,days_emergence_flowering
M3,VK934A,LI4,55.5,-0.1289308176100689,days_emergence_flowering
M3,VK934A,LI40,57.0,-1.240041928721169,days_emergence_flowering
M3,VK934A,LI41,56.5,-0.5178197064989618,days_emergence_flowering
M3,VK934A,LI42,57.0,-0.1289308176100689,days_emergence_flowering
M3,VK934A,LI43,58.5,0.871069182389931,days_emergence_flowering
M3,VK934A,LI44,59.5,0.9821802935010382,days_emergence_flowering
M3,VK934A,LI45,59.0,0.371069182389931,days_emergence_flowering
M3,VK934A,LI46,58.5,-2.128930817610069,days_emergence_flowering
M3,VK934A,LI47,60.5,0.5377358490566024,days_emergence_flowering
M3,VK934A,LI48,58.0,0.371069182389931,days_emergence_flowering
M3,VK934A,LI49,57.0,0.1488469601677025,days_emergence_flowering
M3,VK934A,LI5,55.0,-0.740041928721169,days_emergence_flowering
M3,VK934A,LI50,59.0,-0.5733752620545047,days_emergence_flowering
M3,VK934A,LI51,59.0,-0.3511530398322975,days_emergence_flowering
M3,VK934A,LI52,59.5,0.371069182389931,days_emergence_flowering
M3,VK934A,LI53,60.0,0.9266247379454952,days_emergence_flowering
M3,VK934A,LI54,57.0,-0.9622641509433976,days_emergence_flowering
M3,VK934A,LI6,55.5,0.0932914046121595,days_emergence_flowering
M3,VK934A,LI7,57.0,-0.0733752620545047,days_emergence_flowering
M3,VK934A,LI8,59.5,0.871069182389931,days_emergence_flowering
M3,VK934A,LI9,54.0,-0.740041928721169,days_emergence_flowering
