panel,model,trait,n_SNP,λ,h2_SNP,n_p<5e-8,top,top_p
54_with_confectionery,3_PC_canon,oil_content,81903,1.06,1.0,0,chr6:55262886,2.562556568947146e-07
54_with_confectionery,3_PC_canon,seed_weight_1000,81903,1.14,1.0,0,chr5:105499962,1.7942195894987308e-06
54_with_confectionery,3_PC_canon,hull_content,81903,1.04,0.949,0,chr2:59404576,1.4654841039650437e-05
54_with_confectionery,3_PC_canon,head_diameter,81903,1.03,0.119,0,chr17:1655709,8.903955462329717e-06
54_with_confectionery,3_PC_canon,plant_height,81903,0.95,0.213,0,chr1:146106634,6.501050145982909e-06
54_with_confectionery,3_PC_canon,days_emergence_flowering,81903,1.03,0.79,0,chr16:39172503,1.078882840306697e-05
54_with_confectionery,3_PC_canon,days_central_to_side,81903,1.05,0.206,0,chr1:45117012,3.6963134540649056e-06
54_with_confectionery,3_PC_canon,autofertility_self,81903,1.06,0.518,0,chr9:122153274,1.1506866217313696e-05
54_with_confectionery,3_PC_canon,autofertility_open,81903,1.03,0.425,0,chr11:183857576,1.4203571478778378e-05
54_with_confectionery,no_PC,oil_content,81903,1.02,1.0,27,chr6:53106521,1.1278752253576581e-08
54_with_confectionery,no_PC,seed_weight_1000,81903,1.12,1.0,1,chr5:105499962,3.5802939723216176e-08
54_with_confectionery,no_PC,hull_content,81903,1.05,0.977,0,chr2:59404576,3.388619806717337e-07
54_with_confectionery,no_PC,head_diameter,81903,0.96,0.428,0,chr17:1655709,3.839279471607887e-05
54_with_confectionery,no_PC,plant_height,81903,1.0,0.03,0,chr8:1541989,1.1181631955369696e-05
54_with_confectionery,no_PC,days_emergence_flowering,81903,1.01,0.601,0,chr16:39172503,6.468675528872315e-06
54_with_confectionery,no_PC,days_central_to_side,81903,0.96,0.198,0,chr1:45117012,8.41843081086267e-07
54_with_confectionery,no_PC,autofertility_self,81903,1.0,0.636,0,chr9:122153274,2.4727287881415872e-05
54_with_confectionery,no_PC,autofertility_open,81903,1.04,0.782,0,chr11:183857576,2.4572296079839765e-05
52_oilseed_only,3_PC_canon,oil_content,80410,0.97,1.0,0,chr6:144178858,6.179600740262637e-06
52_oilseed_only,3_PC_canon,seed_weight_1000,80410,0.95,1.0,0,chr17:59779492,3.565522137081655e-05
52_oilseed_only,3_PC_canon,hull_content,80410,1.01,0.747,0,chr12:158384991,0.0001149658671107
52_oilseed_only,3_PC_canon,head_diameter,80410,0.97,0.116,0,chr17:1655709,4.548963594477711e-07
52_oilseed_only,3_PC_canon,plant_height,80410,1.05,0.238,0,chr1:146106634,4.544235010807055e-06
52_oilseed_only,3_PC_canon,days_emergence_flowering,80410,0.98,0.843,0,chr16:39172503,5.789112294838042e-06
52_oilseed_only,3_PC_canon,days_central_to_side,80410,1.03,0.258,0,chr1:45117012,5.36941534496495e-06
52_oilseed_only,3_PC_canon,autofertility_self,80410,1.03,0.502,0,chr9:122153274,1.0232371332752095e-05
52_oilseed_only,3_PC_canon,autofertility_open,80410,1.01,0.314,0,chr11:183857576,9.65003689069346e-06
52_oilseed_only,no_PC,oil_content,80410,0.97,0.985,0,chr6:144178858,3.825877472656866e-06
52_oilseed_only,no_PC,seed_weight_1000,80410,1.02,1.0,0,chr2:20634078,5.493472380235729e-05
52_oilseed_only,no_PC,hull_content,80410,0.99,0.748,0,chr12:158384991,4.01153772390631e-05
52_oilseed_only,no_PC,head_diameter,80410,0.92,0.367,0,chr17:1655709,4.6459339400359885e-06
52_oilseed_only,no_PC,plant_height,80410,0.87,0.0,0,chr8:1541989,3.886347630291142e-05
52_oilseed_only,no_PC,days_emergence_flowering,80410,0.96,0.709,0,chr16:39172503,3.3224140701834213e-06
52_oilseed_only,no_PC,days_central_to_side,80410,0.98,0.217,0,chr1:45117012,1.1104992332551425e-06
52_oilseed_only,no_PC,autofertility_self,80410,0.98,0.56,0,chr16:152352548,8.871669859677547e-06
52_oilseed_only,no_PC,autofertility_open,80410,0.98,0.693,0,chr11:183857576,7.770593718170778e-06
