trait,gapit_chr,gapit_pos,gapit_p,ours_chr,ours_pos,ours_p,same_snp,same_chr,within_1mb
oil_content_pct,8,782740,0.0003463436342776,16,112800801,3.942646349302729e-07,False,False,False
seed_weight_1000_g,3,156884973,7.92062141309946e-05,3,156884973,1.357087187326128e-05,True,True,True
height_cm_mean,16,148770291,0.0001990102140296,16,148770291,3.278026786201147e-06,True,True,True
head_diameter_cm_mean,9,59103329,0.0005343777748072,9,59103329,8.110712619087021e-05,True,True,True
hull_pct,12,75359670,7.94201853193895e-05,2,137515384,6.406910337210301e-06,False,False,False
emergence_to_flowering_days,5,24977686,0.0007761393302681,5,24977686,0.0003169074000345,True,True,True
central_to_side_flowering_days,2,74480118,1.46664733915294e-05,2,7716558,1.0762527769872995e-05,False,True,False
self_fertility_self_pollination_mean,3,175558035,0.0011034177418889,14,162233608,0.0011265279916741,False,False,False
self_fertility_open_pollination_mean,17,34289717,0.0001050793094537,17,34289717,6.83309924235025e-05,True,True,True
